:02000004F414F2
:100000008000000000000000500000000000000020
:100010005000000000000000500000000000000040
:100020005000000000000000500000000000000030
:100030005000000000000000500000000000000020
:100040005000000000000000500000000000000010
:100050005000000000000000500000000000000000
:1000600050000000000000005000000000000000F0
:1000700050000000000000005000000000000000E0
:1000800050000000000000005000000000000000D0
:1000900050000000000000005000000000000000C0
:1000A00069200000400000004A26000000700000A7
:1000B0004A260000007000004A2600000070000080
:1000C0000000000000000000000000000000000030
:1000D0000000000000000000000000000000000020
:1000E0000000000000000000000000000000000010
:1000F0000000000000000000000000000000000000
:100100002C7000004C7000006C7000004D700000FE
:100110006D7000008D700000AD700000CD700000AB
:10012000ED7000006A200000800200008DB8000021
:100130002920000000800000DB4400000080000057
:1001400000400000DB4200000080000000040000CE
:100150006F700000E078000022200000800F000097
:1001600000000000480F000069200000400000006F
:10017000E0780000FEF10000E1C30000E1C20000F1
:10018000E1C10000E1C00000F1C00000A1C1000019
:1001900005E8000087740000D1C00000E07F000087
:1001A000A4C000006F200000430800004088000049
:1001B00044A80000088800008C200000C38F0000C5
:1001C0000DF2000084C0000040C00000204000008C
:1001D000AA0E0000A001000084C10000C34100007D
:1001E0000204000000000000A60D00002000000036
:1001F000FFD80000320E0000A0010000FFD8000070
:100200000C700000AB200000C4000000FF7F000065
:10021000FFF10000E07800001B7900001D7800006D
:100220001D7800001D7800001D78000044210000AA
:1002300001020000C2B8000025780000047400002C
:10024000E07F00000F7800001D7800001D7800009E
:100250001D78000053200000428000000C70000058
:1002600002F2000050490000E07F00000F7800001B
:100270001D7800001D7800001D780000C2B8000045
:1002800004750000E07F00000F780000E0780000B7
:10029000E6C20000FC1C0000C8B60000B1C10000AE
:1002A00050C200004EC1000000420000C3410000E7
:1002B000ED000000010000003E0D000020000000E5
:1002C0000C750000AD70000023F000008B440000AE
:1002D00012940000799400003A9400004FC000008E
:1002E0001B94000055940000F6940000D794000081
:1002F00098940000261400001B3100002814000010
:100300001F31000048C0000047C1000046C3000084
:100310000FC3000045C4000044C6000043C70000EE
:1003200042C200000C750000C3410000EE00000056
:100330000B00000061420000041C0000C0370000F8
:10034000FA0C000020000000001C0000C036000075
:10035000A57100000EC00000B0790000204300002D
:10036000284300001B090000220000004C70000020
:100370000EF0000010C00000F4200000CC000000CF
:1003800089C000003478000080B000000EC000007A
:100390001B6300004F790000EF090000B4820000E9
:1003A00044710000CBF10000B1C000000414000053
:1003B0001B340000C6C600004528000042020000B1
:1003C00049280000410200005504000060010000BF
:1003D00040400000E0780000E2C200000845000054
:1003E0000C700000120B00002000000020420000F2
:1003F000EE0A0000200000000C700000CE0A000091
:10040000200000000C7000006F210000C30A0000F3
:1004100000890000090800001E00000086BD0000E1
:100420008C220000C38F000019F20000EF110000C1
:10043000808000001A200000800F000020000000D3
:100440000000000005200000800F00000490000064
:100450004000000040B00000EF110000808000006C
:100460001A200000800F00002000000000000000A3
:1004700005200000800F00000390000040E0000015
:10048000460C00006001000040B000008A2000001F
:100490001A020000C34100000E9000002A00000074
:1004A000001E00004473000008900000E0010000FE
:1004B00000B10000C340000000000000AC0F0000CD
:1004C00001B10000C34000000080000050040000A3
:1004D00000180000030000000C700000C2C60000FD
:1004E0002C70000010710000E0200000CA0700001E
:1004F000001600000271000008900000D601000004
:10050000F30A00003E80000024710000E07E00003D
:10051000E6C20000FC1C0000C8B600003843000022
:10052000460F00002000000008450000ED710000AB
:10053000CB46000004900000F2000000E0B600008E
:10054000001E000005100000001E000044730000A3
:1005500008900000E2010000420A0000A000000034
:100560000C760000170B000030300000E8B60000E9
:10057000C340000000000000A8610000B60F0000AA
:10058000CFFF0000101E0000051000000414000042
:100590001B340000C6C60000E6C20000FC1C0000C0
:1005A000C8B60000A2C1000040C0000007C00000A3
:1005B0004845000000160000827000000080000026
:1005C00050040000061C00000430000000C00000C1
:1005D00000C700002843000008C1000009C6000051
:1005E0008C200000C38F0000CA270000811000008B
:1005F000784300001B0D0000F1100000051C0000F6
:100600004230000035090000D00100000016000053
:100610008070000000800000130000008DE80000E2
:1006200012F00000170D000090150000210D0000D1
:1006300051150000001600008070000000800000CE
:1006400001000000150800009F010000C1400000EB
:1006500040240000413100002A0C0000600000002E
:10066000402400008231000000160000807000006D
:100670000080000001000000110800009E01000041
:100680000D0D0000D0100000090D0000B015000095
:10069000DB780000057E0000AD7800002F08000028
:1006A000530500003B0D0000751300002C70000086
:1006B00025200000400300000DF0000011F00000B4
:1006C00013F0000015F0000016F000002DF00000FF
:1006D00026F0000011F000000FF000000FF0000005
:1006E0000DF000000DF000000EF000002C74000072
:1006F00023F000000B0D0000511500002C720000CB
:100700001FF000000B0D0000911500002C7300007D
:100710001BF000000D0D0000F11000002C71000016
:1007200007D9000017F000002B0D0000D0110000C9
:10073000190D000010120000230D000070120000BF
:1007400016D900000B0D0000B112000008D90000FE
:100750000BF00000110D0000711300002C70000060
:100760002C76000007F000002C75000005F000005A
:10077000070D0000D112000020D900000B0B000073
:10078000FE1100000AC0000086B900002F22000000
:10079000C202000058DB000044220000020E0000EC
:1007A0004B230000009C0000CF220000E20100006B
:1007B00004230000C3020000657A000045790000B0
:1007C0002F220000C20200005D7A00009A21000082
:1007D000040000005D7A000004220000820F000087
:1007E0000000000000200000052300009B300000F6
:1007F0002F270000C0330000C34200000890000013
:100800000000000005210000C106000005270000CF
:100810008D300000051400008C300000061400002C
:100820000331000020B50000614100009A21000062
:10083000040000001A2400008C1F000000000000CB
:1008400000100000C3BE000004210000810F000062
:1008500000000000000F0000C5790000257C0000AA
:1008600054270000013800004579000080B10000E5
:1008700055270000013800004579000060B10000F4
:1008800004230000811F00000000000000FF0000A2
:100890000579000055270000003C0000057A0000A3
:1008A00020B2000000C10000016F00008C21000098
:1008B000C38F000006F40000001E0000027000005C
:1008C00000800000500400000F780000A2C000006B
:1008D000041400001B340000C6C60000E0780000CD
:1008E000E6C20000FC1C0000C8B60000A8C1000061
:1008F00010C500000FC600000EC700003414000031
:100900001B30000043C5000042C6000041C7000084
:1009100047C3000046C2000044C1000045C00000BB
:100920003E0E0000EFFF0000001C0000C03600007B
:10093000001600008170000000800000010000002F
:100940001F0900009E010000DB7800000F78000006
:1009500043C5000041C70000001C0000C036000075
:1009600042C0000005C0000004C1000006C2000033
:10097000160E0000EFFF000007C30000A8C0000033
:10098000041400001B340000C6C60000E07800001C
:10099000C3410000008000005004000020890000D6
:1009A0008C200000C38F0000CA200000410000001E
:1009B000001E00000470000008900000E801000024
:1009C000E07E0000E0780000C341000000800000ED
:1009D00050040000208900008C200000C38F00001C
:1009E000CA20000041000000001E0000047000004A
:1009F00008900000E6010000E07E0000E0780000C2
:100A0000C341000000800000500400002089000065
:100A10008C200000C38F0000CA20000041000000AD
:100A2000001E00000470000008900000E4010000B7
:100A3000E07E0000E0780000C34100000E9000005E
:100A40004C00000060910000419100001A2200005B
:100A50008C0F00000100000000000000657C000019
:100A600007E800001A230000810F0000008000004A
:100A7000000000009D78000008F0000040410000E8
:100A80000FDA000061BA0000FF0A000031800000A8
:100A90003D7900009B78000025780000C3410000EC
:100AA0000F9000004CFE000010DA000000B10000C2
:100AB00061BA0000010A0000310000001D7800004A
:100AC000E07F000001B10000E4C2000030880000B7
:100AD0006D09000010010000088000006908000096
:100AE000800F00000000000000080000C343000069
:100AF0000080000040040000008B0000EA080000B5
:100B0000200000002C700000001600008170000022
:100B10000080000004000000838B00001A21000008
:100B2000820F0000100000000000000019F000001B
:100B30001A240000811F00000000000000200000B7
:100B4000457E0000052100008D0F0000029000008E
:100B5000641000001A240000811F00000000000043
:100B60000010000085710000C57900003B7900008D
:100B700005210000810F000002900000000200002B
:100B800020910000C5B9000020B50000248B0000B2
:100B9000D109000023830000552000000E0D000045
:100BA000FA0E000080000000C4C60000E0780000DB
:100BB000F1C00000A4C100000C700000120C000085
:100BC000EFFF0000FFD900000C70000043C00000E0
:100BD00042C0000041C000005AD8000040C00000E0
:100BE000FFD8000080D900000ADA0000DA0C00000B
:100BF000EFFF000020DB00000C7000008E0C0000F6
:100C0000EFFF00002C710000A4C00000D1C0000064
:100C1000E07E0000E078000014700000C0200000BA
:100C2000E90F0000E07F00008428000001000000C0
:100C300017090000F00300008A220000C70F00001F
:100C40004C710000C4B9000005E9000061B9000062
:100C5000FF090000318000005B7A00001A200000CC
:100C6000800F000000000000002000004F22000064
:100C70004102000005200000800F000002900000EB
:100C80006A010000001800000500000040B00000EC
:100C900020B0000040B00000E07F0000001800001D
:100CA00005000000E07800000D0800007200000060
:100CB0002C700000FF4800008429000001000000A3
:100CC000E07F00002E780000F1C00000004200002C
:100CD000F20B000020000000204000005B790000C3
:100CE0004421000081010000C4B9000006E90000B1
:100CF00061B9000001090000310000001D7800000A
:100D0000D1C00000E07F0000C1B80000E078000022
:100D100032200000800F000000800000D00600009C
:100D2000E07F00007820000000000000E078000074
:100D3000E1C30000E1C20000E1C10000E1C0000029
:100D4000F1C00000A1C100002042000084C10000E9
:100D500040C100000016000081700000008000000B
:100D6000180000000F080000640000004040000070
:100D7000DA080000A001000000C100008774000034
:100D8000D1C00000E07F0000A4C00000E0780000B7
:100D90001D7900003D7900003D7900003D7900009B
:100DA0003D7900003D7900005F210000020800004D
:100DB0009A21000001000000227800005860000025
:100DC000E07F00000E780000E4C20000BE0D0000CD
:100DD000400000000016000080700000008000004D
:100DE00001000000C341000003000000400D0000AE
:100DF000CB45000004900000C0000000442000002B
:100E00008E8000008A2000001F040000CA2000001D
:100E1000410000004209000060000000001D0000C9
:100E200085100000DE0D0000600000001D7800004D
:100E3000D5700000C34100000700000020A10000A1
:100E4000C34000000000000088130000CA2000001A
:100E5000410000002209000060000000001D0000A9
:100E6000C5100000BE0D0000600000001D780000ED
:100E7000001D000045100000C4C60000E07800001E
:100E8000F1C00000A5C100000043000080C00000C8
:100E90002C70000092080000A000000014DA00008E
:100EA0001A230000800F0000100000000000000066
:100EB00080C100004C710000EE0D00002001000018
:100EC00085B80000C3410000F500000000000000EC
:100ED000320F0000EFFF00000C7500000C700000E6
:100EE0002C710000DA090000EFFF000080C2000052
:100EF000A5C00000D1C00000E07E0000E078000046
:100F0000E6C20000FC1C0000C8B6000082240000FD
:100F1000023D00004847000038430000084400003C
:100F200080C000002C70000046080000A0000000F7
:100F3000B4DA0000250C0000B11000000C750000B0
:100F4000C3410000F100000001000000F60E0000A7
:100F5000EFFF00006042000080C000002C70000025
:100F6000EE0D0000200100004C7100000C7000002C
:100F700009D9000035F000001A2300009B3F000053
:100F800010000000000000000C7500000CEC0000D8
:100F9000C3410000F300000001000000CE0E00007D
:100FA000EFFF00006042000009DD0000C0DE00002D
:100FB000D0D800000BF00000C3410000F200000098
:100FC00001000000BA0E0000EFFF000060420000C8
:100FD000AD7200008CDE000080D80000F8600000D8
:100FE00005200000C006000080C10000560D000072
:100FF000200100004C7200000C7000002C720000F8
:101000004A090000EFFF000080C2000080C000001D
:101010002C700000D20F000060000000B4DA000065
:10102000FE66000005260000C016000080C100001A
:10103000320D000020010000A14200000C710000F0
:10104000A14100002A090000EFFF000080C200005B
:1010500080240000023D0000041400001B34000046
:10106000C6C60000E0780000E2C300008224000051
:10107000023D0000284500000043000080C0000041
:101080002C7000009A0F000060000000B4DA00002D
:1010900054230000000D000080C10000FE0C000081
:1010A0002001000009DA00000C750000C3410000B7
:1010B000F4000000010000003E0E0000EFFF000001
:1010C000A14200000C70000009D90000E6080000F1
:1010D000EFFF000080C20000C2C70000E0780000FF
:1010E000F1C0000082240000023D000080C000002A
:1010F0002C700000620F000060000000B4DA0000F5
:10110000C3410000F600000000000000160E0000C1
:10111000EFFF00000C75000040D8000080C1000007
:10112000BA0C00002001000009DA00000C70000079
:1011300009D90000B2080000EFFF000080C20000E3
:1011400080240000023D0000D1C00000E07E0000CD
:10115000E07E0000E0780000E6C20000FC1C000019
:10116000C8B60000A1C10000DB43000004900000ED
:10117000E001000000130000013100000016000033
:101180008070000000800000040000005F2000006C
:101190000001000044200000C207000020400000C1
:1011A00005EA000061BA0000FF0A0000318000007B
:1011B0001D780000C3B800002C700000110800006A
:1011C0007000000040C1000009080000B0010000EC
:1011D0000C71000040C000000C7000005A0C0000B0
:1011E0006000000040D90000ED710000CB45000018
:1011F0000590000012E10000DE1D0000D413000085
:10120000A61D0000D4930000B61300000EB100002C
:1012100000C0000027E800004B0E0000BF130000D4
:1012200084260000071C00004F260000C0130000A9
:1012300000B500000C7000001CD900002A0C000052
:1012400060000000F61D000005920000C340000091
:101250000F000000404200002C7000001A0C00003B
:1012600060000000F61D000045920000BE13000063
:1012700000B10000F01D000045900000F61D0000C8
:10128000059200009A2000000800000004200000E1
:10129000800F000000000000003E0000C578000044
:1012A0008EB8000000B5000005F00000F61D00003B
:1012B00005920000F01D0000C4930000001E000015
:1012C000C47300001390000050E000008774000019
:1012D000041400001B340000C6C60000E0780000C3
:1012E000E4C20000A4C100002C7000000846000009
:1012F000FFD800004C75000008DB000043C100006F
:1013000042C1000041C10000284500004A09000018
:10131000EFFF000040C100000C7000000CD900007D
:101320008CB8000043C5000042C6000041C5000063
:1013300040C00000FFD8000090B900004C710000D0
:101340002E090000EFFF00006C740000A4C0000034
:10135000C4C60000E0780000F1C00000A4C1000095
:101360002C70000043C1000042C000000C7000005F
:101370000CDB000041C10000604100008CB800009F
:1013800040C00000FFD8000090B900000A0900002A
:10139000EFFF00004C710000A4C00000D1C00000AD
:1013A000E07E0000E0780000E2C20000CB450000D3
:1013B000049000000600000020D80000120B00007E
:1013C00060000000001D000045100000001D00002E
:1013D00005100000C2C60000E6C20000CB450000B8
:1013E00004900000C6010000C09500008A200000A3
:1013F000DF0F0000C47800004F200000CF02000083
:101400008AB800008BB80000E0B5000000B500000D
:10141000E60A0000600000000AD80000E0B5000005
:1014200001950000CBBE0000C0B50000C9B80000A7
:10143000C6C60000E0780000F1C00000F20E000017
:10144000AFFF00002042000000410000020F00003A
:10145000AFFF00004040000038600000D1C0000035
:10146000E07F00000F780000F1C000002844000079
:1014700000410000020F0000AFFF000040400000EC
:1014800000430000CE0E0000AFFF0000204000002F
:1014900000410000DE0E0000AFFF000081400000B0
:1014A00078600000D1C00000E07F00000F780000ED
:1014B0001470000000160000807000000080000022
:1014C00004000000C341000004900000600100001F
:1014D000C0210000210200001A200000800F00003F
:1014E000200000000000000025780000E07F0000E0
:1014F00000900000E078000000160000007100007D
:10150000008000002200000014700000E07D000058
:1015100000160000007100000490000008000000A8
:10152000E07E0000E0780000E6C20000CB4500004D
:101530000080000040040000008D0000CA0B000085
:10154000EFFF00002C7100000843000000160000AF
:10155000807000000080000004000000C18D0000C9
:101560008D7700001A200000830F0000100000009B
:101570000000000003F00000C5710000028D0000B3
:101580003D080000A203000081410000DC7F000054
:1015900044260000411000005E0D00002000000005
:1015A000EF78000076E800001A2700008F1F000087
:1015B00000000000001000009A210000040000005C
:1015C000552300000018000065780000E578000051
:1015D000257800001B78000091B800009CB800003E
:1015E0009FB800000090000091700000CA24000025
:1015F00009100000E2F1000008D8000061B8000006
:10160000FF080000318000003C7900008F78000066
:101610007920000000000000386000000472000023
:10162000C6C60000E078000060D800009FB8000047
:101630002090000005070000EFFF0000FE100000F2
:1016400000810000E078000062D800009FB8000030
:1016500040900000FE10000001810000090700001A
:10166000EFFF0000FC10000000810000E0780000A7
:10167000E2C00000C34300000080000040040000FE
:10168000418B000004F0000000B500004471000030
:10169000028B000049080000A20000008A2400001C
:1016A000CF1F00001A220000800F00000000000081
:1016B0000008000004200000810F0000000000006E
:1016C000000800001A220000800F00000000000047
:1016D0000010000004200000800F0000FD6F0000DB
:1016E00000E0000025780000052000008D0F0000BC
:1016F00002900000640000002095000028490000CE
:10170000047C0000C50C00003298000070B9000095
:10171000307800008020000010000000DCF10000A4
:10172000C2C40000E0780000E4C0000008440000EB
:101730009A24000008100000CB4500000E90000025
:1017400048000000052400004E13000020B60000F1
:10175000226D0000052400004D10000024720000DE
:1017600040B50000052400004210000060B20000F7
:101770006269000002C10000657C00000F080000E3
:10178000F103000020B400008A200000C70F000011
:1017900005F000007C130000010100000F21000093
:1017A000000000007C1B000004000000C4C4000016
:1017B000CB4400000E900000C2000000021C00009C
:1017C0001410000020B4000041B40000E07F0000CD
:1017D00062B40000E0780000E6C20000FC1C0000DB
:1017E000C8B60000A1C100008080000008470000CA
:1017F00008CA000058430000C342000003900000E4
:1018000024E000005F200000000200008A230000A6
:10181000C70F0000CB46000000800000400400001D
:10182000C4BC000008E0000000B200000C71000021
:1018300006B20000FE1A0000C4800000438E0000C3
:1018400005EC000061BC0000FF0C000031900000BE
:101850001B780000CB4400000000000000FC0000EA
:1018600040C0000004F0000000B30000447100001C
:10187000048E000041080000820000001A220000CF
:101880008B0F00000000000000200000F421000089
:101890008300000005230000801F0000029000006C
:1018A0006410000060B00000F4210000800000001F
:1018B00005230000831F00000290000004000000C8
:1018C0000B0B0000303000008478000091700000A5
:1018D00002F000001470000004F200008A200000F2
:1018E00008080000E2F1000020D80000E0F100004C
:1018F0005208000080000000298700000D0B000046
:1019000030300000AD7000000C73000003F00000E8
:101910000C710000760D0000000100000787000038
:10192000690D00000310000000C00000B20A0000B2
:10193000A00100000F7800000FD800007E09000011
:10194000EFFF00000FD900000C700000E60D000052
:10195000AFFF00002C710000638E00004C7100008E
:1019600002F0000064710000048E000041080000D5
:10197000E20000006F780000CE090000CFFF0000F9
:10198000147000002C7000000C70000011F40000B6
:10199000F5F100009A200000080000001A23000062
:1019A0008C0F00000000000000200000857800007F
:1019B00005200000800F000002900000660100007A
:1019C000009000001961000061400000E70800007D
:1019D00032820000402000004B000000E3E90000DC
:1019E0004C700000E1F10000A57100004DEA00001C
:1019F0000B0B000030300000588F00000287000001
:101A000002F00000018700009A0800002001000099
:101A10002C71000087740000041400001B340000C7
:101A2000C6C60000E07800000041000063B8000076
:101A3000147300000C710000E0200000C5070000D6
:101A4000E07F00007821000080010000E0780000C5
:101A50009A210000100000001B7800000520000003
:101A6000820F00000390000064E0000045210000A8
:101A7000C0070000910700006000000000B20000F5
:101A80006C7000004C70000003F0000060B10000BA
:101A90004471000050790000FB090000348100000F
:101AA00014200000410000005ED900009FB9000032
:101AB0004091000040B000004191000041B00000A2
:101AC0002291000022B00000E07F000063B000001F
:101AD000E2C20000C340000000800000A006000039
:101AE000220F0000A00100002AD90000A20D000072
:101AF000CFFF0000AE0D0000EFFF00000843000024
:101B0000004100009A0B000020010000614000002D
:101B1000001E0000057000000390000054E100006A
:101B2000001E0000457000000390000068FF0000E8
:101B3000E60C0000CFFF00001D7900003D79000099
:101B40003D7900003D790000C3B90000021A000091
:101B5000423000000041000008DD000061BD0000CF
:101B6000FF0D0000319000003D790000C1B9000078
:101B7000C3B80000061A000042300000EA0C000062
:101B800020010000011A0000023000001A080000C5
:101B900000000000DE0A000000010000C2C60000D4
:101BA000C34000000080000054040000BD06000097
:101BB000A001000072D90000E6C20000FC1C000079
:101BC000C8B600000016000001710000049000007B
:101BD000E00100000016000082700000008000009C
:101BE000040000005F22000000010000442000000B
:101BF000C30700002040000005EB000061BB0000AF
:101C0000FF0B0000318000001D780000C3B8000009
:101C10000B0800005000000077080000B101000030
:101C2000ED710000CB46000004900000160100009A
:101C3000081E000094100000AD710000021E00009C
:101C40005413000029D80000A0B600006C1E00004C
:101C5000051200006C1E0000041000002C70000033
:101C6000C34000009800000080960000F21E0000B3
:101C700044900000284700000A0F000020000000E8
:101C8000661E000044100000A9D800006C1E000071
:101C9000041000008A200000460A00006C1E0000AC
:101CA000041000008A200000440A00006C1E00009E
:101CB000041000006C1E000004100000C34000006F
:101CC0000000000000600000721E00005C93000035
:101CD000D01E000044930000721E0000DD90000042
:101CE0007E0E000020000000D01E0000C493000003
:101CF000721E00005C930000721E0000DC93000066
:101D000048F00000CB4500000490000016010000E0
:101D1000081D000094100000021D0000D4130000F4
:101D20002C700000C34000000F0000004042000083
:101D30004A23000000120000DB4300000000000006
:101D400018080000E0B500006C1D0000C41200007F
:101D5000F21D000044900000661D000044100000C9
:101D600028460000960E0000200000006C1D0000B8
:101D7000C4160000C34000000F00000040420000F5
:101D8000422300001B3400001D7800002C7000006E
:101D90007E0E0000200000006C1D0000C416000034
:101DA000C340000098000000809600002C700000E6
:101DB0006E0E0000200000006C1D0000C412000028
:101DC00088D800006C1D000004100000C340000013
:101DD00000000000006000006C1D0000C412000044
:101DE0006C1D000084130000721D0000DC930000D5
:101DF000D01D0000C4930000721D0000DD900000A3
:101E0000EE0D000020000000D01D000084930000B3
:101E1000721D0000DC930000721D00009C93000006
:101E20000C700000360E00002000000020D90000D9
:101E3000CB45000004900000F001000020D8000015
:101E4000CE0D000020000000001D00000510000065
:101E500020D80000C60D000020000000001D00007A
:101E6000451000000C740000BA0D000020000000B6
:101E7000001D0000051000000A1D00009D900000DC
:101E8000041400001B340000C6C60000E078000007
:101E9000F1C00000A208000040000000D1C0000016
:101EA000E07F00000C700000E2C00000001600009F
:101EB0008370000000800000130000000B7B000016
:101EC0000C7000002FF20000008900001B7D000054
:101ED0006C200000CC0000004425000083100000AE
:101EE000857B00001D7C00004424000040100000A1
:101EF000657800004425000003120000057B000007
:101F00004424000000110000809200006578000069
:101F100000A900009B7B000004240000811F00003A
:101F20000000000007FE0000442300000004000041
:101F30009D7C000040DD0000257800004424000066
:101F400001120000647D00000579000044240000B7
:101F500000180000A5790000257800008423000007
:101F600004000000657800008424000002100000D6
:101F70008578000000B200000C710000C2C40000AF
:101F8000E6C20000FC1C0000C8B60000C34200000E
:101F900008900000E801000000920000C34100002A
:101FA00001000000FEFF00001421000000000000FE
:101FB0000479000059220000400F00005521000064
:101FC0000D0C0000052100000E000000057D000042
:101FD000001600001B110000E09500005E080000E4
:101FE0002000000096D800001D7800001D78000039
:101FF0001D7800001D7800002268000004710000B8
:10200000E0B80000CA210000010000002F780000A5
:10201000C34100000000000000FF00000423000096
:102020005B30000005200000C0060000247F000097
:1020300000B6000045270000C013000000B50000F6
:10204000041400001B340000C6C60000E078000045
:1020500032200000820F000000800000D006000047
:10206000347000005D7800001D7800001D780000CD
:102070001D780000CA20000081000000C3B80000E5
:10208000E07F000079200000C0030000E07800003D
:102090000016000001710000008000000600000032
:1020A0002C780000852800001F040000E07F00005D
:1020B00004710000E07800000D7900008C21000020
:1020C000FF8B000007F600008C2000000288000053
:1020D00051F40000E07F00000C73000011090000C3
:1020E000330700008C200000038C00000C720000FD
:1020F000E07C000049F00000F7E10000580000001B
:1021000029000000DFE10000580000002900000065
:10211000CFE100005C00000029000000C4E10000E5
:102120005C00000029000000C5E000005F0900001D
:10213000130F000063090000530D00006709000041
:10214000130C00007CB80000670800007504000054
:102150000F790000252000004000000012F0000070
:102160002DF000002FF000002BF000002FF00000F9
:1021700029F000002FF0000027F0000027F00000F9
:102180002DF0000025F0000023F000002DF00000ED
:1021900021F0000021F000001FF000002BF00000F3
:1021A000E07F00003FD80000F8E000001BF40000D2
:1021B000E07F000008D80000E0E0000017F4000015
:1021C000E07F000007D80000D0E0000013F400001A
:1021D000E07F00000AD800000FF40000E07F00005C
:1021E0000BD800001B080000310F000018D80000B9
:1021F000E07E000013080000710D00000FD8000001
:10220000E07E00000B080000310C00001AD800002E
:10221000E07E0000E07F00000C700000E07F000026
:102220003ED80000E07F00003BD80000E07F0000C7
:102230003AD80000E07F00001FD80000E07F0000D7
:1022400038D80000E07F00001BD80000E0780000D4
:10225000E6C20000FC1C0000C8B60000822400009A
:102260000C350000120C0000EFFF000085C00000DC
:10227000001600008D7000000080000010000000BB
:10228000CD700000ED70000002F00000E57100006C
:10229000270F000013110000FB0D0000EE9300005B
:1022A0004C7100004040000044270000C1170000AE
:1022B00005E9000061B90000FF090000318000005D
:1022C0001B7800000F78000085C10000120A000092
:1022D000A00100006C700000EDF10000EA0B0000AE
:1022E00000000000D60A000040000000001E0000B0
:1022F0008473000004900000DC0000006F200000E8
:10230000C300000000100000C1000000A38800000E
:1023100000240000803F0000000000007402000064
:1023200044C100002C700000460E00002000000098
:10233000A0DA000000240000803F00000000000040
:10234000D40100003A0E000020000000A0DA0000D6
:1023500000240000803F0000000000003401000065
:102360002A0E000020000000A0DA00005524000022
:1023700040390000220E000020000000A0DA00001A
:102380001A2500008D1F0000100000000000000052
:1023900002F00000C5710000D10E000033110000F2
:1023A0009BC000002C700000060E00002000000002
:1023B00028DA000091C00000FE0D0000200000009F
:1023C00028DA000087C00000F60D000020000000A1
:1023D00028DA00005526000000180000A57800004B
:1023E0009BC100005A0B0000E00000004C7200008E
:1023F00055260000C0180000A57800004E0B000014
:10240000E000000091C1000055260000001D000002
:10241000A5780000420B0000E000000087C100002A
:10242000C3400000008000004004000002100000D3
:102430009B000000C340000000800000400400003A
:10244000618800003AF00000F4200000CC00000099
:10245000A20C0000AFFF0000814000000847000010
:1024600091C00000F4200000CB00000087C00000F5
:10247000F4200000C0000000532300004B110000B6
:102480008A0C0000AFFF000000230000CB13000007
:102490009D7C00009D7C00005A260000021A00006E
:1024A0009D7C00009D7C000000240000813F000016
:1024B00000000000740200009D7C000059610000D3
:1024C0009D7C0000747900005F2400000C1800005F
:1024D00000190000C402000000240000813F000039
:1024E00000000000D4010000596100007479000070
:1024F00080B1000000240000813F000000000000C7
:10250000340100005961000074790000E0B100005E
:102510005524000041390000596100007479000021
:1025200000B1000064710000910B0000E3B00000F6
:102530009BC0000099F1000031DB00009FBB000050
:10254000AD730000422300000003000041C0000002
:1025500040C5000003F00000A57700004DDE00003C
:102560009FBE000042260000001400008D73000092
:102570000B0D00003310000042C000006BF00000A3
:1025800085770000ED0C000012900000FD0C0000AB
:1025900060930000ED700000C34000000080000068
:1025A00040040000028800008FBF000043C000000C
:1025B000C34000000080000040040000C18800000B
:1025C000F943000003F00000C571000003C00000E3
:1025D0007F080000A2030000EE780000DD78000014
:1025E0004426000041100000360D0000EFFF0000FF
:1025F0000F78000076E800005A240000011A00005D
:102600005A250000021A000004C000002B08000038
:10261000320000002F230000C61300000024000039
:10262000803F000000000000D4010000386000007E
:10263000F42000008F03000000240000803F000011
:10264000000000007402000058600000F420000048
:1026500080030000E27800000DF00000002400007C
:10266000803F000000000000340100003F600000D7
:1026700058600000F42700009F130000F4200000C1
:102680008003000002200000C007000008230000B3
:102690000F100000552400004039000019610000AF
:1026A00058600000F421000081030000F4200000C5
:1026B00080030000314800002F200000C606000003
:1026C000082000005B000000C0F1000004C1000011
:1026D00034700000EC0A00008AFF0000A00A00002D
:1026E0008BFF0000004200009A0A0000AFFF0000CC
:1026F0002F200000C606000001C1000040A9000014
:10270000011B00001200000001C000000471000065
:1027100041C000009CF1000000C0000004770000F0
:1027200040C0000000C00000290800003300000085
:102730008D7300004FF00000720A0000AFFF000030
:102740006E780000004200006A0A0000AFFF00003F
:102750002F200000C606000002C10000857700009F
:1027600040A90000011E00001210000002C000007D
:102770000471000042C00000D10C00003290000043
:102780006C700000C34000000080000040040000A6
:10279000028800008FBB000043C00000C34000005F
:1027A0000080000040040000A18800007843000081
:1027B00002F00000A571000003C00000C108000085
:1027C00062830000BD780000442500004110000035
:1027D000420C0000EFFF00000F78000077E80000D7
:1027E00000C200005A240000011A0000002400006A
:1027F0008B3F000000000000340100005A2200005E
:10280000020A0000552400004F3900000023000098
:1028100040100000F42000005F0300005867000033
:10282000F420000040030000F96100006172000024
:102830000E2700001F3000002F200000C6060000F9
:1028400008200000DB070000F42100004003000026
:10285000F422000041030000027900006E780000BD
:102860000820000043000000D3F10000C340000036
:102870000390000074E10000001800000500000053
:102880006E0C0000AFFF0000021800000500000001
:10289000802400000C350000041400001B340000EC
:1028A000C6C60000E0780000E4C20000A4C1000039
:1028B000084600000C700000920D00006FFF000041
:1028C000FFD9000000120000833000002C700000CF
:1028D000FFD800004C75000043C1000042C1000059
:1028E00041C10000284500005A0E00006FFF0000A3
:1028F00040C100008A2000001000000043C5000015
:1029000042C6000041C5000040C00000FFD80000E2
:1029100080D900004C760000420E00006FFF0000DE
:1029200020DB00000C700000F60D00006FFF0000BF
:102930002C710000A4C00000C4C60000E0780000B4
:10294000E4C20000A4C10000001600008E70000068
:1029500000800000100000000C700000420D00001C
:102960006FFF0000FFD900002C700000FFD80000AE
:102970004C7500006C73000043C1000042C10000B0
:1029800041C10000284500000A0E00006FFF000052
:1029900040C10000FFD8000080D9000009DA000023
:1029A00020DB000043C5000042C6000041C5000016
:1029B000F60D00006FFF0000001C00004130000019
:1029C0000C700000AA0D00006FFF00002C710000C9
:1029D000A4C00000C4C60000AA210000C40000007A
:1029E000110900003F0000002C720000AB21000024
:1029F000C40000002C710000AB210000C4000000E6
:102A00000F0800001504000000160000007100000F
:102A100008900000D6010000E07E0000AA2100001E
:102A200004010000327B0000190B000025000000AB
:102A3000AA24000044110000AA22000004010000A2
:102A4000FD0900008480000062780000AA240000D4
:102A50004411000003F0000038600000AA210000CB
:102A60000401000010710000E1200000C607000012
:102A7000AA22000044010000F30C00008090000036
:102A8000E07E0000E0780000F1C0000036080000A1
:102A900000000000A60F0000CFFF0000D1C0000022
:102AA000E07E0000E0780000F1C000004E0F000062
:102AB000CFFF0000960F0000EFFF000014D80000C9
:102AC000D1C00000E07E0000F1C0000076080000E8
:102AD0008FFF0000860F0000EFFF00008A2000003B
:102AE00004000000D1C00000E07E0000E07800009B
:102AF00000160000037100000080000006000000C6
:102B00001A23000002000000052A0000820F0000C6
:102B10001E0000008084000015080000840F0000E3
:102B200003000000410D0000852800000F0A00008E
:102B30001A200000C2000000852A00001F040000C7
:102B40003D790000016A000024710000107100004E
:102B5000E07F0000CA2000004D000000E078000087
:102B6000E6C20000FC1C0000C8B60000A8C10000BE
:102B70006F230000C3360000001300008230000005
:102B8000C34100004D00000001000000FA0A0000EF
:102B90006FFF00007822000040000000B20C00002F
:102BA000AFFF0000021300008D300000BD7A00006E
:102BB0005D7A0000BD7B000053250000819000007D
:102BC0005D7A0000C0220000620000007D7B0000F2
:102BD000532500007E900000C3B80000C023000011
:102BE00062000000071A000042300000031A0000D3
:102BF00002300000041A000082300000051A0000B4
:102C0000C230000040C00000C3410000530000007B
:102C10000300000092080000AFFF00000AD8000087
:102C2000CD7000000C700000C34200000080000066
:102C3000CF06000004F00000C1A9000004710000EC
:102C4000FD080000B28200001962000007CA0000FF
:102C50002C7000000FE80000FFD90000C4B800008D
:102C600005E8000061B80000FF08000031800000A6
:102C70003B79000004CA00005860000020A8000052
:102C80002C70000003F00000247100001F090000F8
:102C9000B30200006F270000C31000000016000000
:102CA00080700000008000000E000000F1080000AD
:102CB0006E8000003862000001180000C30F0000A1
:102CC000F2F1000005CA0000C341000000800000CE
:102CD00040040000C1A9000080200000C30F0000D4
:102CE00002A9000004CA0000C3A90000802000005F
:102CF000C30F000004A90000008F0000E945000098
:102D0000256F0000E2B800007FD80000CA20000054
:102D1000E2010000081A0000023000001515000052
:102D20008C14000047C100000215000000150000CF
:102D3000F815000082900000461500008314000082
:102D400046C00000B715000080900000B5150000D7
:102D50008B90000020910000001300009F300000C5
:102D6000C0B80000141C0000C037000044C10000BF
:102D70000C1C0000C032000042C4000041C0000032
:102D800040C3000006C30000C3410000560000001D
:102D900008000000D20F00006FFF00000AD80000FA
:102DA00007C000002195000060950000FE100000A3
:102DB000828000000295000041C0000040C1000078
:102DC000C34100005700000004000000B60F0000DF
:102DD0006FFF00000AD800004C7400000EF00000E5
:102DE00056200000000E000005200000810F0000AA
:102DF0000990000000E0000032260000801F000063
:102E00000080000074000000C571000000B10000E7
:102E1000E90E000032910000DB7800002C70000009
:102E200009F0000056200000000E00000520000000
:102E3000800F00000990000000E0000020B00000BA
:102E400044710000F30A0000328200005B78000049
:102E5000008F00003F0800009F0100002CF00000E0
:102E60000C710000C4BA000005EA000061BA00005D
:102E7000FF0A0000318000001B7800001A210000CA
:102E8000820F000000000000001000000F20000072
:102E9000400000000F780000057A00009A20000032
:102EA00004000000057A00003B7800005620000076
:102EB000000D000005200000800F000009900000B8
:102EC00000E0000040B0000024720000CD090000C6
:102ED00032810000416900008A200000C40B00001C
:102EE0002AF000003B78000056200000000D000092
:102EF00005200000800F00000990000000E00000A5
:102F000040B000002471000041090000730100007E
:102F10008A200000C40300001A210000820F000074
:102F20000000000000100000DF09000033810000F5
:102F300044210000C307000004220000800F0000AD
:102F40000000000000F000000F2000004200000020
:102F50000C71000006EB000061BB0000010B0000DB
:102F6000310000001B7800009A20000004000000DF
:102F700004200000800F0000FF00000000FF0000A0
:102F8000057A0000D9F10000001E00000470000066
:102F90000990000080E100008A0D0000CFFF0000D2
:102FA000A8C00000041400001B340000C6C60000C6
:102FB0001A62000004F00000011800005200000036
:102FC000FD08000084800000E07E0000E078000042
:102FD000E6C20000FC1C0000C8B60000A9C1000049
:102FE0004C7100008CBA0000C340000000000000DB
:102FF00061BD0000CB4500001290000028030000D6
:10300000001E00008470000000800000020000002C
:1030100000B5000046D8000001B50000C341000023
:10302000B600000001000000860E00006FFF0000E7
:103030000AD800001ECC000020950000307000006F
:103040000C70000006F400001FCC00002195000069
:103050003820000040000000C3410000B90000001B
:10306000000000008E0800004FFF00000016000066
:1030700080700000008000000400000042C00000DA
:103080001A200000800F0000200000000000000057
:1030900041C0000005200000810F000004900000E6
:1030A000320000006F200000430200000990000081
:1030B00040C000000091000044C000000016000065
:1030C0008070000000800000040000001A20000052
:1030D000800F00002000000000000000052000001C
:1030E000800F0000029000004000000000900000EF
:1030F00046C000006F20000043020000FD100000E9
:1031000080800000E6B800006F200000430200004D
:103110000C88000045C0000007F2000005C0000058
:103120006F210000430200008420000041050000E0
:103130000CA9000000C00000E0B800002A02000056
:1031400021000000001A00000331000001C000004F
:1031500005200000810F00000590000032E0000013
:1031600004C0000080B8000000B1000001C00000F1
:1031700005200000800F00000390000090E0000098
:10318000860B000020000000001800000500000071
:10319000EA0C0000CFFF00009E0C00008FFF000033
:1031A0000016000080700000008000000400000095
:1031B00048C000001A200000800F0000200000001E
:1031C0000000000047C0000005200000800F000044
:1031D0000290000086000000209000000016000011
:1031E0009F70000000800000000000003D7800009B
:1031F0001D7800001D7800001D780000C2B8000096
:103200001708000091000000CB460000008000007D
:1032100030040000091A000098330000CB4500007C
:1032200000800000180400001FF0000023080000C8
:10323000F100000051270000C0B100000ECE0000D8
:10324000CB46000000800000340400001C76000023
:10325000091A00009833000008CE0000CB4500009A
:10326000008000001C0400000EF000005127000048
:10327000C0B100000BCE0000CB4600000080000073
:10328000280400001C76000005CE0000CB4500009D
:103290000080000010040000091A000098330000AC
:1032A0001C750000031A00005833000000160000CF
:1032B00082700000008000000C000000442100002B
:1032C0009B0000001A220000800F00000100000097
:1032D000A086000043C0000003C70000FD7F00007F
:1032E000FD7F0000FD7F0000FD7F0000FD7F0000EE
:1032F000FD7F00001B0F0000FE310000FD7F00007D
:103300003A270000801F0000000000005CF300006E
:10331000C34100004101000001000000320F000025
:103320000FFF000008C0000034250000C216000096
:1033300034260000C116000091E80000304F000064
:103340004820000000000000042800008000000069
:103350007FD900000F780000FEE00000CA210000C5
:103360000C000000C34000000390000080FE00003D
:1033700020B00000E01800004480000003C00000FE
:10338000081400001B30000005280000800F00001A
:103390000000000000FA00001A2300009B3F00001C
:1033A0001000000000000000216800002F780000DD
:1033B0008C200000028000008CF60000C377000023
:1033C000FFFF00003C790000E14100008D7000002B
:1033D0008C270000479D000086F60000842900002D
:1033E000070D000005F000008D71000003F00000E3
:1033F0002C71000007C000005A21000003020000E9
:1034000005200000820F00000590000064E100002C
:103410002F780000FFE000005F2400000011000092
:10342000842300001F0E00008A2100000F0E000000
:10343000CA210000CB000000057900000016000042
:10344000007100000490000064010000C1B8000099
:103450002578000000B2000001C000000520000037
:10346000800F000002900000860000008A0F00001C
:10347000A0000000A0900000120F0000A0000000BB
:103480006340000001C0000080BD00000520000076
:10349000810F00000390000086FE00001A0A000061
:1034A00020000000A0B10000CB450000008000001B
:1034B00048040000EA0A0000AFFF0000A14000003D
:1034C000320E0000A0000000A1400000F20A00003F
:1034D000CFFF00007E0C00004FFF0000FA0A000042
:1034E000CFFF00006F20000043020000FD1000002D
:1034F000808000003F0800001E000000C343000061
:1035000004900000140000002093000001CA000095
:103510000D080000B00100004F21000082000000F3
:103520000B080000D1000000852100000801000008
:103530002042000040B3000023D80000C342000036
:103540000590000034E0000000B200002C70000084
:10355000C34000000390000034E0000020B00000F1
:10356000B1B8000020B0000021B20000A14000006E
:103570002C71000082090000600100004C70000006
:10358000CA090000200000000C700000E60D0000D9
:103590006FFF00000C71000000C000001308000065
:1035A000BE0000000C700000E60F0000800000006C
:1035B000B2090000200000000C72000000C00000F2
:1035C000442000008D80000007F20000D60F0000AC
:1035D000A00000000C7100009E0900002000000007
:1035E0000C710000001E00004570000005900000F6
:1035F00044E0000000C000001B0800001E020000A4
:103600000016000080700000008000000400000030
:1036100087E80000B20F0000A00000000C7300005B
:103620007A090000200000000AD8000000C0000055
:10363000442000000E82000007F200009E0F0000F0
:10364000A00000000C7500006609000020000000CA
:10365000FDD8000008ED00008E0F0000A000000063
:103660000C7200005A09000020000000FED8000083
:1036700000C00000130800003E0100000C760000AE
:103680007A0F0000800000004609000020000000C2
:103690000C74000008EE00006E0F0000A000000097
:1036A0000C7400003A090000200000000C730000B8
:1036B00000C00000370800007E0200006F200000FC
:1036C00043020000FD10000081800000C3400000A4
:1036D000008000004004000000180000030000000B
:1036E000E2B900000FD80000F6080000E00000007A
:1036F000CA2000006200000009CA000085E800003E
:10370000C20B00006FFF000002C0000006090000AD
:103710002000000009D800000FF000000016000093
:103720008070000000800000040000001A200000EB
:10373000800F0000200000000000000005200000B5
:10374000810F00000390000040E0000006C0000070
:1037500000B1000009CA00002DE800006F20000041
:10376000430200000C1000009B000000AD70000040
:1037700002F00000A5710000370D000013110000D9
:10378000FB0B00006EB30000A1400000A20A000085
:103790006FFF00002C71000002C10000084700000C
:1037A000AF7E00000C710000E1420000AE0B000093
:1037B0006FFF0000C143000002C100000C70000058
:1037C000E1420000A20B00006FFF0000C1430000B7
:1037D000C14100004E0C00006FFF0000E1400000FE
:1037E000E5F10000520B00006FFF000002C0000076
:1037F0000016000080700000008000000000000043
:10380000E5B80000700C000042FF0000260D00002B
:103810008FFF0000AD700000001E00004473000028
:103820000590000044E0000001C0000005200000F9
:10383000810F00000590000032E0000004C000008D
:1038400000B1000005C000006F210000430200002D
:103850000CA90000820C00006FFF00000C7000003B
:10386000E60C000080000000F60A0000E000000006
:1038700007D80000AB250000C4100000FF7F000047
:10388000FFF10000E0780000E2C20000CB4500003C
:10389000049000000400000000950000A1B80000A2
:1038A00000B500009E080000EFFF00000C7400004F
:1038B0001FD8000096080000EFFF0000F61D000072
:1038C0005D100000C2C60000E2C200008A080000CD
:1038D000EFFF00001FD80000CB450000049000005F
:1038E000F00100000C7400007A080000EFFF0000F7
:1038F000001D0000051000000A15000000970000E0
:1039000081B800000A1D00001C900000C2C6000023
:10391000F1C000000016000081700000008000006F
:10392000180000008C21000003820000940A0000AF
:10393000CE0000000E08000000000000D1C0000012
:10394000E07E0000E0780000E2C200000016000007
:103950008070000000800000010000001B080000D3
:103960003E0000000AD80000CB4500000590000092
:1039700036E0000036080000EFFF0000001D0000E8
:1039800045100000001D000005100000C2C6000028
:10399000C340000004900000F20000000018000086
:1039A00045000000E07F0000001800000500000056
:1039B000E6C20000FC1C0000C8B60000BCC100004C
:1039C00008450000404000004EC30000484700008A
:1039D0002E080000AFFF000028460000E6080000A7
:1039E000AFFF000018430000C34000000390000038
:1039F000C4E0000000180000C50300008BB8000000
:103A0000F0D9000020B0000092C000002C7000002F
:103A100028DA0000D20A0000EFFF000092C3000085
:103A2000881400000030000043C50000C4BD000041
:103A30004FC0000044C000008C14000000300000A3
:103A4000E141000045C0000050C0000020D8000047
:103A500046C300001C1C00000331000048C60000E3
:103A6000241C0000033000004AC00000C3400000D6
:103A700000000000000F00004BC00000FFD8000055
:103A80004CC000000C7100006DC0000006ED00008D
:103A900061BD0000010D0000311000001B78000026
:103AA0000F7D0000A1400000CA09000020000000B6
:103AB000251C0000C2330000660D0000200000003D
:103AC00083C00000C34000000080000040040000EC
:103AD00062880000C3400000008000004004000035
:103AE00081880000841400000030000051C00000F4
:103AF00002F0000085710000390B00002203000075
:103B0000096F00009D78000044240000411000006F
:103B1000A20A0000AFFF00000F7800000FC10000F4
:103B2000947900000DE8000000910000F3E8000027
:103B300092C00000F520000000030000DF08000034
:103B400013880000C370000000000000E0FF0000C8
:103B500004F00000C340000000000000FF1F000050
:103B600000B10000E5F100002B080000B5000000E6
:103B70000FD80000CB46000000000000F0F000006D
:103B8000C1410000C1420000C1430000D20D00004D
:103B90006FFF000040C60000C343000000000000AB
:103BA000FFFF000008D80000C1410000C142000032
:103BB000BE0D00006FFF000040C30000F20E0000C9
:103BC0002000000083C00000C3400000008000000F
:103BD0004004000062880000C34000000080000034
:103BE000400400008188000002F0000085710000A0
:103BF000370B000022030000777000009D78000062
:103C00004424000041100000260A0000AFFF00001D
:103C10000F78000010C10000947900000CE800004B
:103C200000910000E7080000D187000092C000006A
:103C3000F520000000030000DB08000013880000EE
:103C400020E0000005F00000C3400000000000007C
:103C500000E0000000B10000E5F10000280E0000C7
:103C6000A1FF0000CA200000410300000EC00000B8
:103C700007E80000C341000036000000000000001B
:103C80005A0800006FFF00000C740000C3400000E1
:103C90000080000040040000A188000003F0000044
:103CA000A5710000C3400000008000004004000037
:103CB00002880000B508000062030000BC7E00001E
:103CC0000FC00000442500004110000038430000F0
:103CD000F52000004303000010C00000F5200000A4
:103CE0004C030000BA090000AFFF0000CF780000CD
:103CF00011C10000B479000038E80000704C0000E9
:103D00007C640000482000000F0000002F2000000D
:103D1000018300004C7700003F200000820000007B
:103D20007F200000C007000044780000004300002E
:103D3000C523000064000000147000000C70000037
:103D4000CA200000E20700009D7A000074700000A5
:103D50001C7200000EC0000040B1000014E800001A
:103D60000FC00000F52000004303000010C0000059
:103D7000F5200000410300004E78000042C0000022
:103D800041C1000040C300000C740000C3410000AA
:103D90003800000005000000C1420000CE0F000006
:103DA0002FFF000063430000EE78000040C00000D9
:103DB0007F20000040010000C341000039000000E6
:103DC00003000000C1420000DA0900002FFF0000DC
:103DD00063430000B4F10000C34000000000000095
:103DE000FF7F000000B100000EC000005D08000071
:103DF000308000000C740000C34100003700000058
:103E000002000000C1420000960F00002FFF0000DA
:103E100063430000A4F10000001E000005700000D4
:103E20000390000004E00000BCC000000414000087
:103E30001B340000C6C60000E6C20000FC1C0000E7
:103E4000C8B60000A9C1000028460000720B00009F
:103E50006FFF000046C0000048C00000EA0D0000EF
:103E60006FFF0000C140000008470000ADE80000FF
:103E70000C700000B60A00002FFF00002C7000003C
:103E800000120000833000002C710000AD700000B3
:103E9000FFD800008EB900004C75000043C500003B
:103EA00042C5000041C500007A0B00002FFF000052
:103EB00040C5000006C000000C1C0000413000009E
:103EC000C341000000000000004400000F78000023
:103ED00042C00000FFD800004C7000007CDB0000F6
:103EE00041C500005E0B00002FFF000040C5000030
:103EF000CFF8000043C5000042C5000041C50000E6
:103F00004E0B00002FFF000040C500000C700000A9
:103F1000020B00002FFF00002C710000096E000052
:103F200045C000000F780000AD7100003C25000086
:103F3000011000007827000000100000042000009D
:103F40005B800000760B00006FFF0000CA250000B8
:103F5000221200007E0B00006FFF000047C000002F
:103F6000777000008A210000C70F0000C3420000E4
:103F70000F900000C0E00000C0790000A0B2000077
:103F800025B2000007C2000008C100004020000068
:103F90001B0400004423000040300000347A00007D
:103FA000422200000106000047C0000005C00000DA
:103FB000C0B90000596100002D080000B5000000E4
:103FC00044C10000CB45000000000000F0F00000FC
:103FD0000FD80000A1410000A1420000A143000051
:103FE000A60B00006FFF000040C50000C3430000A7
:103FF00000000000FFFF000008D80000A141000001
:10400000A1420000960B00006FFF000040C30000BB
:1040100004C00000AD70000028E0000044C00000B3
:1040200007C000006370000045C000004F2600007C
:1040300040100000147200007EF4000008C0000070
:104040000F790000CE0900002FFF00000C70000067
:104050000012000083300000FFD800002C70000028
:104060004C75000043C5000042C5000041C500007A
:10407000960A00002FFF000040C50000AA0C0000B7
:104080002FFF0000FFD80000ED7000008EBF000081
:10409000FFD80000E14100004C7500006C72000088
:1040A00043C5000042C5000041C500007A0A000077
:1040B0002FFF000040C5000008CA0000C3410000F7
:1040C00000000000007500004C72000043C00000BA
:1040D00006C000006C740000384300000F7E000032
:1040E00042C6000041C50000001C0000803F0000E7
:1040F0000000000000100000520A00002FFF000026
:10410000FFD8000005C00000E14100004C75000030
:104110000F7B0000FFD8000043C5000042C600002E
:1041200041C500003E0A00002FFF000040C500000E
:10413000160900006FFF0000C140000008CA00001F
:1041400050230000013300004C71000043C0000008
:10415000FFD8000042C6000041C50000001C00005E
:10416000803F000000000000001000001A0A00005C
:104170002FFF00006C740000B60800006FFF000005
:10418000C140000004C000002C7000004C7500000D
:104190000F7B0000FFD8000043C5000042C50000AF
:1041A00041C50000FE0900002FFF000040C50000CF
:1041B0000C1C0000C130000042C5000041C50000D9
:1041C00040C50000FB790000FFD800004C750000DE
:1041D000E60900002FFF00006C720000FFD800000D
:1041E0002C7000004C75000010DB000043C500007F
:1041F00042C5000041C50000D20900002FFF0000A9
:1042000040C50000CA0B00002FFF0000FFD80000CF
:104210006BF8000043C5000042C5000041C5000026
:10422000BE0900002FFF000040C500000CF0000098
:1042300007EF00002C7000000C700000A20F0000BF
:10424000EFFE000092B9000004F00000F30E000041
:1042500070100000ED700000A9C000000414000000
:104260001B340000C6C600007927000000100000C3
:1042700004770000107E0000C3430000000000002F
:10428000F0F000000FD80000C1410000C142000062
:104290004E0A00006FFF000040C30000C34300004F
:1042A00000000000FFFF000008D80000C14100002E
:1042B000C14200003E0A00006FFF000040C3000042
:1042C0000C7000008E0800002FFF0000634100000A
:1042D0000012000083300000FFD800002C700000A6
:1042E0004C75000043C5000042C5000041C50000F8
:1042F000560900002FFF000040C500004AF80000EA
:1043000043C5000042C5000041C500004A09000045
:104310002FFF000040C500000C73000043C00000E8
:1043200006C000008ABE0000C14100002F2300002B
:1043300007300000FFD800004C720000081C00008D
:10434000C036000041C50000001C0000803F000096
:10435000000000000A100000220900002FFF0000EA
:104360006C7400000C73000043C00000782700004C
:10437000001000001A200000800F00000000000064
:1043800000100000081C0000C036000041C50000FD
:10439000C141000040C00000FFD800004C72000086
:1043A000FE0800002FFF00006C7400000C7300007A
:1043B00043C000004F26000001140000FFD8000099
:1043C0004C720000081C0000C036000041C500000F
:1043D000001C0000803F0000000000000A100000E8
:1043E000DE0800002FFF00006C74000005C0000014
:1043F00080D900004C7500000F7B0000FFD8000042
:1044000043C5000042C5000041C50000CA080000C5
:104410002FFF000040C500000C7000007E08000067
:104420002FFF00002C710000E571000008C00000A3
:104430001D0F0000B29000002F2300000730000085
:104440000C700000CE0F0000EFFE00006341000082
:104450000012000083300000FFD800002C70000024
:104460004C75000043C5000042C5000041C5000076
:10447000960800002FFF000040C50000AA0A0000B7
:104480002FFF0000FFD8000018F8000043C500000F
:1044900042C5000041C50000820800002FFF000057
:1044A00040C5000006C000000F7F00005A0F00004A
:1044B0002FFF0000E140000008CA00004F26000066
:1044C000811200004C71000043C000000C7000001D
:1044D0008CB8000042C7000041C5000040C0000089
:1044E000FFD800005E0800002FFF00006C74000081
:1044F000FA0E00002FFF0000E140000004C00000A1
:104500002C7000004C7500000F7B0000FFD80000ED
:1045100043C5000042C5000041C50000420800003C
:104520002FFF000040C50000DB7900000C1C0000DC
:10453000C130000042C5000041C5000040C5000078
:1045400022F10000E0780000CD7000008EBE000077
:10455000FFD80000C14100004C7500006C720000E3
:10456000E07E0000E0780000FFD8000080D9000065
:104570004C7500006C740000E07E0000E0780000E4
:10458000E6C20000FC1C0000C8B60000A7C1000085
:1045900008470000001600000071000008900000AD
:1045A000E001000046C0000004200000800F000071
:1045B000000000007FFF000045C00000198F0000D0
:1045C00044C00000108F000040C000000016000032
:1045D000007100000E9000004C00000041C000007F
:1045E000C34000000E9000004C000000019000004D
:1045F00042C0000004C0000089E80000C340000081
:1046000000000000FFFF0000004100000042000029
:10461000D20800006FFF00000043000000C000004F
:104620000FD90000782000000001000043C0000006
:10463000020B00002FFF00000FD8000008870000C9
:10464000AD7000001B78000005200000800F000006
:104650000390000064E000009E090000EFFF0000EE
:10466000A0B00000360A00002FFF0000E14000006B
:1046700029870000C60E0000600000000C710000D9
:1046800005C000002C71000038430000001E00002F
:104690000470000009900000E0E10000C340000049
:1046A0000390000064E00000422000008E0900003A
:1046B000A0B60000A0B600009C1E00005C13000025
:1046C0009B1E00005C130000E61E0000C59F00005A
:1046D000F21E000044900000E41E00004490000020
:1046E0001A0F0000EFFE00000E97000001C100004D
:1046F00002C20000F20A000060000000E140000079
:104700000FD800009A0A00002FFF00000FD9000008
:1047100029870000760E0000600000000C71000088
:1047200006C000002C710000001E00000470000094
:1047300009900000E0E10000A0B60000E61E0000C5
:10474000849F00000000000000FF0000F21E000037
:10475000C4960000E41E0000C4960000DE0E0000B7
:10476000EFFE00000A970000588F0000018700004C
:10477000E6090000600000002C71000001C100008B
:1047800002C20000AA0A000060000000E140000030
:104790000FD80000520A00002FFF00000FD90000C0
:1047A00004C0000006E800004A0900002FFF0000D6
:1047B00003C0000010F0000000C1000003C00000B2
:1047C000792100000101000062B9000062B8000018
:1047D000307A0000C341000000000000FFFF00002D
:1047E00010780000EA0F00002FFF000020430000B7
:1047F00000160000007100000E9000004C00000048
:1048000040C00000C34000000E9000004C000000BB
:104810000190000041C0000005C00000001E000023
:104820000470000009900000E0E1000003C00000F7
:10483000298700001B7800001B7800000475000029
:10484000DE0D00006000000042C00000088700008C
:10485000AD7000001B78000005200000800F0000F4
:104860000390000064E0000096080000EFFF0000E5
:10487000A0B000002E0900002FFF0000E140000062
:104880002C710000A0B600009C1E00005C1300000C
:104890009B1E00005C130000E61E0000C59F000088
:1048A000F21E000044900000E41E0000449000004E
:1048B0000E970000320E0000EFFE000038430000AB
:1048C00000C1000001C20000060A000060000000F4
:1048D000E140000006C000000FD90000001E0000EB
:1048E0000470000009900000E0E100000FD8000013
:1048F000A20900002FFF0000A0B6000029870000D9
:104900007E0D00006000000002C00000E61E0000F6
:10491000849F00000000000000FF0000F21E000065
:10492000C4960000E41E0000C49600000587000045
:104930002C71000004710000EE0D0000EFFE00007D
:104940001078000000C1000001C20000C60900008C
:1049500060000000E140000004C0000007E8000023
:1049600003C000006E0800002FFF0000522000006E
:1049700000000000588F000003870000E2080000DC
:10498000600000002C710000A7C0000004140000AB
:104990001B340000C6C60000E6C20000FC1C00007C
:1049A000C8B60000A8C1000008470000B088000099
:1049B000001600000071000008900000E0010000F7
:1049C000DB4300000E9000004C00000047C00000D8
:1049D00004200000800F0000000000007FFF0000A6
:1049E00045C00000198F000043C000000013000004
:1049F0000031000040C00000021300000031000040
:104A000041C0000003C0000089E80000C34000006E
:104A100000000000FFFF0000004100000042000015
:104A2000CA0E00002FFF00000043000078250000A0
:104A30000011000042C000000FD80000FE08000076
:104A40002FFF00000FD90000088700007925000023
:104A500001110000020800006FFF000044C10000C7
:104A6000360800002FFF0000E140000005C00000F4
:104A7000001E00000470000009900000E0E100004A
:104A800029870000BE0C0000600000000C730000CD
:104A9000AD700000CB460000039000003EE0000037
:104AA000A0B600009B1E00005C1300009C1E0000CE
:104AB0005C130000E61E0000C59F0000F21E00000F
:104AC00045900000E41E0000459000000E97000095
:104AD000220D0000EFFE00002C71000000C100005C
:104AE00001C20000FA08000060000000E140000080
:104AF0000FD80000A20800002FFF00000FD900000F
:104B000007C000002C710000001E000004700000AF
:104B100009900000E0E10000A0B60000FE0C0000DB
:104B2000EFFE00000A970000588F00000287000087
:104B300006080000600000002C71000000C10000A9
:104B400001C20000CA08000060000000E14000004F
:104B50000FD80000720800002FFF00000FD90000DE
:104B600003C0000008E8000002C000006A0F000057
:104B7000EFFE000052200000000000000EF00000D8
:104B800002C1000004C0000062B9000062B8000069
:104B9000307A0000C341000000000000FFFF000069
:104BA000107800000A0E00002FFF000020430000D4
:104BB000001300000031000046C000000213000096
:104BC0000031000040C0000005C00000001E0000D1
:104BD0000470000009900000E0E1000004C0000043
:104BE000298700001B7800001B78000007E0000008
:104BF000060C00006000000041C0000008870000B3
:104C00002A0F00002FFF000004C10000620F000007
:104C1000EFFE0000E1400000AD7000002C710000CC
:104C2000A0B600009B1E00005C1300009C1E00004C
:104C30005C130000E61E0000C59F0000F21E00008D
:104C400044900000E41E0000449000000E97000015
:104C5000620C0000EFFE00003843000006C10000B7
:104C600000C200003A08000060000000E1400000BF
:104C700007C000000FD90000001E000004700000F3
:104C800009900000E0E100000FD80000D60F0000FE
:104C9000EFFE0000A0B6000029870000B20B000064
:104CA0006000000001C00000C340000000000000E0
:104CB00000FF0000E61E000004900000F21E00004D
:104CC000C4960000E41E0000C496000005870000A2
:104CD0002C710000047100001E0C0000EFFE0000AB
:104CE0001078000006C1000000C20000F60F0000AE
:104CF00020000000E140000003C0000005E80000C3
:104D00009E0E0000EFFE000002C00000588F000061
:104D100003870000160F0000200000002C71000027
:104D2000A8C00000041400001B340000C6C6000028
:104D3000E6C20000FC1C0000C8B60000822400008F
:104D400003370000C60F0000EFFE00002C710000CA
:104D500000160000837000000080000004000000C6
:104D600046C000008AC00000FFD9000026090000EC
:104D7000AFFF0000B4DA000008CA0000C341000021
:104D80000000000000210000001E00004470000030
:104D90000390000004E000002C7000005F20000081
:104DA00000020000001E000044700000039000009C
:104DB000C4FE00001A230000810F00001000000054
:104DC000000000004C71000007E0000044C000003B
:104DD00047C100002C7000000FF000009A20000076
:104DE000080000004043000005EC000061BC00002A
:104DF000FF0C0000319000007B7B0000247100005C
:104E000005200000800F000003900000C4E00000B7
:104E100060B000002F780000E3080000348200003A
:104E200044200000CC0700004F78000098E000000C
:104E3000B80100002D00000045C0000006C00000C1
:104E4000C34200000390000000FE00005520000057
:104E5000C108000007C00000257800001B79000091
:104E600005C000004579000000B10000C34000000B
:104E70000000000000210000001E0000047000007F
:104E80000390000004E000000C700000860D00009C
:104E9000AFFF0000641A0000040000007E0D000057
:104EA0008FFF00000FD80000C60E0000EFFE0000CC
:104EB0000FD900000C730000A20A0000600000007F
:104EC0008A210000C70F000004C00000CB4500008D
:104ED0000390000024E00000CD71000000B5000048
:104EE0008A200000C4030000C6B50000FE1D0000BB
:104EF0000490000018D800000E0B0000EFFE000028
:104F00002C7100008A20000004000000001E000038
:104F1000047000000390000004E000000FD80000BF
:104F20008A0E0000EFFE00000FD9000007D8000035
:104F3000F20A0000EFFE00002C71000004C0000027
:104F40000FD9000000B500000FD80000C6B5000062
:104F5000720E0000EFFE0000FE1D0000C593000071
:104F60000C730000DA0A0000EFFE00002C71000054
:104F70000FD80000620E0000EFFE00000FD9000005
:104F80000C7000002C710000001D0000C51F000007
:104F90000C1D0000C51F0000BE0A0000EFFE00004F
:104FA000FE1D000004900000C340000000800000CF
:104FB000400400000388000003F0000001C000006E
:104FC0000471000041C0000001C000000F79000022
:104FD000C34000000080000040040000048800007E
:104FE00028430000107100000C700000D400000085
:104FF0002D00000042C00000AD7100006F70000085
:1050000002F00000677100002F270000C7160000A3
:10501000D70F000035920000F574000002C00000B8
:105020008AC10000C02000006100000042C00000F2
:105030005F23000080140000CA25000061100000FA
:1050400043C0000038600000F478000049C0000050
:1050500000900000C0E00000ABF700001A23000041
:10506000801F0000000000000010000040C0000091
:10507000E14000009A2000000400000000C1000090
:10508000257800001B7C0000052400008C1F000018
:10509000029000006400000000940000E141000064
:1050A00048C00000EA0D0000200000006140000040
:1050B00008C1000078200000000000004C700000D3
:1050C0007921000001000000052100003E80000061
:1050D0002C700000DD710000BD7200000AEA0000C3
:1050E0001B0F0000D0100000130F00001112000071
:1050F0004094000009C0000040B0000024F000000F
:1051000028460000AD700000BFF10000410F000014
:10511000D111000002C000000F78000079200000CB
:10512000000000005F2000000C01000012F00000F1
:1051300003C300008AC50000857100007D65000082
:10514000147D00009A2000000400000000C300004D
:10515000657800001B78000005200000800F00002B
:1051600002900000640000000090000000B5000004
:105170008F780000E10F0000259000002846000015
:1051800048450000A1F10000284600009FF1000002
:1051900005C00000D57000004168000024F3000045
:1051A000C340000000800000400400000310000025
:1051B0009B000000001600008070000000800000CE
:1051C0000000000040C0000002F000006771000015
:1051D000C34000000080000040040000048800007C
:1051E0002F260000C71600000B080000A5030000D2
:1051F000ED70000036F00000E5710000EF7D00006A
:10520000E70D000035920000C1400000360D00009F
:1052100020000000A141000078E800005F260000A7
:10522000811400008AC00000C1420000A1430000B8
:105230003860000043C00000F4200000400300007C
:10524000C341000047000000020000009A0F000068
:10525000AFFE0000BC2000000100000006C00000FE
:105260001A260000811F000000000000001000004E
:1052700054200000000D000005790000A14000004E
:105280009A20000004000000257800001B78000030
:1052900005200000810F00000290000000000000C7
:1052A00003C00000F42000004203000000C0000022
:1052B000C3B800005860000049200000C00F000083
:1052C00000B10000CEF10000802400000337000090
:1052D000041400001B340000C6C60000E078000083
:1052E000E6C20000FC1C0000C8B6000082240000DA
:1052F0000A39000043C00000001600008070000062
:105300000080000004000000AD710000C3410000F7
:105310004A000000000000001A200000800F00007A
:10532000200000000000000005200000800F0000A9
:105330000290000086000000009000001D78000030
:105340001D7800001D7800001D7800001D78000009
:105350001D780000160F0000AFFE000006250000BB
:1053600000100000220C00000FFF00000C70000075
:10537000001E0000047000000390000004E0000024
:10538000001E0000047000000390000068FF000091
:105390000ACA00008C200000C38F00000FF4000038
:1053A0000016000080700000008000000000000077
:1053B000E5B80000FFD8000007F20000001600006A
:1053C0008070000000800000400400000A1A000005
:1053D0000230000003C1000044210000C2070000A9
:1053E000A141000006EA000061BA0000010A0000C5
:1053F000310000003B79000045C1000000160000AC
:10540000817000000080000040040000392100008D
:105410000000000007F000004A0A00006FFF0000D3
:1054200006C0000002C000000471000042C000007D
:1054300002C000000F7D0000B571000020030000D5
:105440002D0000002C71000005C000000F78000046
:10545000F60C0000AFFF000046C0000003C00000D3
:10546000CD7000000F78000005ED0000660C000014
:10547000EFFF00002C700000E8F100002A0C000093
:10548000EFFE00002C710000001600008D7000007F
:10549000008000000400000044C000000024000060
:1054A000803F000000000000480200002C70000057
:1054B000820D00006FFF00005ADA00000024000097
:1054C000803F00000000000094010000760D000005
:1054D0006FFF0000B4DA0000DE0D00002FFF0000B7
:1054E0008A200000040B00004E0D00002FFF00007A
:1054F00040C0000008CA00001A250000811F0000FB
:105500001000000000000000001E00008473000076
:1055100003900000C4FE00005F20000000020000B5
:1055200047C1000040200000DB01000010F0000037
:105530009A200000080000002C71000006EA00001C
:1055400061BA0000010A0000310000003B79000050
:10555000C571000005200000800F000003900000CE
:10556000C4E0000020B00000CF780000E508000093
:105570003482000044200000C20700001A25000009
:105580008D1F0000200000000000000080D80000F7
:105590008EB80000001E00000470000003900000A0
:1055A00004E0000005250000811F000003900000BA
:1055B00086FE0000052500008D1F000002900000FF
:1055C0008600000000950000CB460000059000001A
:1055D000C6E10000A0B8000000B100000016000005
:1055E0000D71000004900000C60100000AD8000000
:1055F000C9BD00004F250000CF120000F2090000D5
:105600006FFF0000E0B6000005250000801F0000CD
:1056100000000000000C000000B60000E2090000DD
:105620006FFF00000AD800000AD80000DA09000065
:105630006FFF0000E0B600000016000000710000DF
:1056400002900000C80100003FD90000A0B6000091
:10565000C9B800008C200000C38E000004F60000D2
:105660001D7900003D79000004C000001B78000097
:1056700055200000000D000005200000800F0000F4
:105680000390000000FE000020B00000C3410000B5
:105690000390000024E000008A200000C403000002
:1056A00000190000C40600000C19000045000000AD
:1056B000FE190000048000000C70000004F00000DF
:1056C00001C00000047400000F7800009EE000009C
:1056D000200100002D00000041C0000004C00000B7
:1056E00055200000C108000007C000002578000018
:1056F0001B79000001C0000005210000810F00009F
:105700000390000000FE000000B100000FD8000070
:10571000920A0000EFFE00000FD90000CB45000008
:105720000390000064FE000036090000AFFF000097
:10573000001D0000051000002E0900008FFF000072
:105740004E0900006FFF000000C000000C71000057
:10575000560E0000200000008A210000C70F000044
:1057600020D80000DA0E0000AFFE00002C7100000F
:105770008BC000002C700000E20900002000000037
:105780004C7100000FD80000560A0000EFFE000028
:105790000FD900007FD80000FE080000AFFF000016
:1057A00000B50000FA0800008FFF00001A09000091
:1057B0006FFF000000C000000C730000220E00000C
:1057C000200000008A210000C70F000020D8000040
:1057D000A20E0000AFFE00002C7100005524000056
:1057E000003E00002C700000AA090000200000000C
:1057F0004C710000C3400000008000004004000025
:10580000638800005F2300004C02000004F00000E9
:105810006471000085710000C3400000008000003A
:1058200040040000048800006F7900004D0800006B
:10583000648000003843000088C000002C70000025
:10584000BA0B00006FFF000009DA0000ED700000E5
:1058500003F00000E571000085710000EF7D00009D
:10586000D90D0000359200008F7900008BC0000038
:10587000F52000004B00000055240000003E000011
:10588000F52000004E0000005F23000041320000C0
:1058900002260000C01200004820000002000000A4
:1058A00088C00000B860000040A80000002400008C
:1058B000803F000000000000480200003860000047
:1058C000B8600000208800002F270000873000000B
:1058D000C3090000C38700005F230000813400007B
:1058E00040A8000000240000803F000000000000ED
:1058F00094010000196100000023000080130000E3
:10590000B47900001D78000000B10000D3F1000060
:10591000C3400000008000004004000003100000AD
:105920009B00000003F0000067710000C34000000E
:105930000080000040040000048800002F270000C1
:10594000C71600001077000068050000EDFF00009A
:10595000CD7000005F27000040120000002400000E
:10596000813F0000000000004802000040C000002D
:10597000386000002088000028A800005F27000091
:105980008014000000240000813F0000000000009F
:105990009401000041C00000386000002090000029
:1059A00028B0000003F00000C5710000CF7D0000AA
:1059B000BD0D000075920000E14000005E0900008E
:1059C00020000000A141000078E8000000C00000B5
:1059D00000240000813F0000000000004802000099
:1059E000E142000038600000A8600000C3410000F0
:1059F0003E00000002000000C20B0000AFFE0000ED
:105A0000A1430000A14100001A270000801F0000F0
:105A100000000000002000009A21000008000000A3
:105A200000240000833F00000000000094010000FB
:105A3000C3420000029000008000000005790000D1
:105A400001C00000052100008C0000001B63000065
:105A5000F42300004003000000B4000042220000D4
:105A60000008000005790000F42300004003000056
:105A700000B10000CEF10000802400000A390000CF
:105A8000041400001B340000C6C60000E0780000CB
:105A9000E6C20000CB45000000800000400400008A
:105AA000C38D00001F2600008F10000003F00000CF
:105AB000C5710000648D0000310B0000A3030000DD
:105AC0006D7000001CF000001A2600009F1F0000EF
:105AD00000000000001000009A23000004000000F5
:105AE000142100000C030000052700001F300000F7
:105AF00005230000C30700007B7B000091BB000072
:105B00009CBB00009FBB000060930000E57100009B
:105B10006571000060B400002F230000C702000080
:105B2000D50B0000A2800000F07C0000E2F1000034
:105B3000C6C60000E0780000E6C20000FC1C0000C1
:105B4000C8B60000A2C10000DB43000000800000D6
:105B500040040000031300008D3000006C70000052
:105B6000EF71000041C1000040C0000086EA000063
:105B7000BB7E00002C7400008D74000010F000004B
:105B80005F2500004E120000130A0000B100000063
:105B900008DC000008E600004A2700004032000050
:105BA0002C71000008DB000004F000002C710000E4
:105BB00002F00000A5710000041300008030000016
:105BC00013080000630300006042000026F000009C
:105BD00000C700003A620000D47F000000B7000058
:105BE000E3760000EB0C0000A290000040400000B3
:105BF0009A200000080000001A2500008F1F0000F6
:105C00000000000000200000E578000005200000F2
:105C1000800F00000290000064000000009000006F
:105C200001C700006CEF00008A270000CF1F0000B2
:105C30004A22000080120000047F0000422200007F
:105C40004A100000FF0A0000319000001D7800009B
:105C50005F20000000080000F8600000DEF1000096
:105C6000A2C00000041400001B340000C6C60000DF
:105C7000F1C0000088E100004C080000C1FE0000F7
:105C800011F200004C71000032200000800F000073
:105C900000800000D006000044210000C30700007F
:105CA0004041000006EB000061BB0000010B00005A
:105CB000310000003B7900002478000078200000CB
:105CC00000000000D1C00000E07F00000F7800005D
:105CD000F1C0000019880000AA0E0000EFFE0000CD
:105CE0002043000007E80000C34000000E900000C1
:105CF0004C1E000060B0000041B00000D1C00000A8
:105D0000E07E0000E0780000E2C20000CB45000029
:105D10000590000000E0000020D80000620E0000A6
:105D20002FFF0000001D000045100000001D0000B6
:105D300005100000C2C60000E6C20000FC1C000006
:105D4000C8B60000AAC1000040C1000042C0000067
:105D5000001600008D7000000080000004000000AC
:105D6000001600000071000004900000AA0000006E
:105D700043C00000C3400000008000009005000008
:105D8000001E00008570000005900000AAE00000E1
:105D9000CA0D0000A000000084D900000FD8000048
:105DA0004A0F0000AFFE00000FD90000F60D000002
:105DB0004FFF00002C710000C34000000390000062
:105DC00024E000008A2200004400000020B000000F
:105DD00026B00000FE1800008480000002C0000011
:105DE00044200000C20700002040000006EA000036
:105DF00061BA0000010A0000310000001B780000B9
:105E00000F7E0000C14000006A0B0000A0000000EF
:105E10002C70000030D800007E0B0000AFFE0000A8
:105E20002C7100001A2500008D1F000010000000DA
:105E300000000000220C0000EFFE000044C500003E
:105E4000ED7000000C70000005F00000196100000A
:105E500000190000C30F000004710000FB080000DF
:105E60003285000085C100000C700000560B000058
:105E7000AFFE00002C7100000FD80000DE0E000005
:105E8000AFFE00000FD90000C14000002A0B000047
:105E9000A00000002C7100008A200000C70F000045
:105EA000CB4500000390000074E1000000B5000045
:105EB00001B500000C700000DB4300000080000012
:105EC00040040000591D0000DC93000041C00000A8
:105ED00001C00000A7E000008A00000029000000C7
:105EE000C14000000C700000160B0000AFFE000067
:105EF0002C7100000113000083300000CD70000001
:105F000002F0000064710000021300008030000005
:105F10005D080000E20000000FD800007C7C00005B
:105F20004423000041000000960800002FFF0000FD
:105F30008F78000075E800001A210000810F000032
:105F400000000000000800001A2400008C1F000060
:105F5000000000000020000085C200007A620000FE
:105F6000257C000005240000801F00000290000036
:105F70006601000000900000792000000100000090
:105F8000008A00001B78000025780000052400002E
:105F9000811F0000029000006400000000AA0000C1
:105FA00000910000408A000053220000BE800000E3
:105FB000D5F300008020000010000000CD7100002B
:105FC00000B10000D1F10000360E0000AFFE00006D
:105FD0000FD9000001C000000471000041C00000A2
:105FE000790E0000319000000C700000C3410000E9
:105FF0006E00000000000000C2080000AFFE0000BC
:106000007820000000000000E0B50000360B000022
:10601000EFFE0000E1B50000C34000000390000067
:1060200064E1000000180000C50000008BB800000B
:1060300000180000C500000020D800006E0A000013
:10604000AFFE00002C71000000C000002C710000A9
:10605000760D0000EFFF00004C70000002130000FE
:106060008230000001130000813000000CF00000BD
:1060700000C00000F42000004300000000C0000049
:10608000C373000000000000E0FF0000347800004F
:1060900060B0000024710000ED0A000043800000A1
:1060A00002C00000160E0000AFFE00002C710000C0
:1060B000552000000108000004C000004C710000E1
:1060C0006C71000025780000920C0000A000000018
:1060D00000C10000001E0000C47300000390000017
:1060E00004E00000001E0000C473000005900000E2
:1060F00076E0000003C00000001E000004700000F5
:1061000005900000AAE00000020E0000CFFF000092
:10611000AAC00000041400001B340000C6C6000022
:106120002090000004210000810F0000000000000A
:10613000F4FE00008521000044000000E07F000024
:1061400020B00000E0780000E2C200004A09000030
:10615000CFFE00006F2500004313000020950000D3
:106160005A200000000400003D7B00008A2100004E
:10617000C50200003F2300004C0000008C230000FB
:10618000C582000020D90000CA210000290C0000AF
:10619000257C00008C230000C884000042D9000048
:1061A000CA240000491000008C230000CC870000A6
:1061B00053D90000CA240000491000008C230000BD
:1061C000D28B000054D90000CA24000049100000FE
:1061D000FE1500008190000004200000800F0000E8
:1061E00000000000F01F000081B800001A2100002C
:1061F000830F00002000000000000000C3410000E9
:1062000004900000F8000000052300004200000098
:10621000247200006579000080B2000000B1000027
:10622000C2C60000E0780000E07E0000E0780000D8
:106230009A20000004000000C34300000890000002
:10624000EA010000C371000000000000FBFF000035
:1062500000200000820F00000000000000FB000092
:106260000093000004200000800F000000000000E8
:10627000FFC00000457800004193000000B300001B
:106280006C2200004001000025780000E07F000043
:1062900001B30000E0780000E6C200006F260000B5
:1062A000C3150000408E00000845000017EA0000FA
:1062B000060F0000EFFE000040400000084700000D
:1062C00087E80000C3410000D50000000100000085
:1062D000560F00006FFE00000C700000E14000004F
:1062E0009A20000001000000057F0000BB7800003C
:1062F00005200000800F00000390000092FE0000C7
:10630000E0B00000FF160000829000001BEA0000D1
:106310005B780000D60E0000EFFE00000F78000052
:106320008C220000C38F000008F2000089E8000002
:10633000C3410000D600000001000000220F000051
:106340006FFE00000C7000000C70000000410000A7
:106350009A2100000100000005790000BB780000D0
:1063600005200000800F0000039000009AFE00004E
:1063700020B00000C6C60000F1C0000000160000FA
:106380008270000000800000090000008C220000E4
:10639000038C000010F2000016EA00001F0A000043
:1063A000300A00002C720000F8E2000004F4000043
:1063B0002C71000009F00000C3410000D70000006C
:1063C00001000000DE0E00006FFE00000C700000F7
:1063D0002C7000005F210000000400002578000000
:1063E000001E00000470000005900000A0E0000006
:1063F000D1C00000E07E0000E4C2000018470000A9
:106400000C700000C34200000390000064FF000015
:1064100000B20000041A0000450000000016000051
:106420008E700000008000004304000003F00000B4
:10643000C57100000016000082700000008000009E
:1064400044040000830A0000A2030000AD700000B5
:1064500032260000821F000000800000D0060000ED
:1064600006210000830000006F7A00008C220000EB
:10647000C38F00001CF400001A260000831F0000D8
:106480000000000000200000C34200000290000055
:10649000641F0000052300008C000000447400000D
:1064A000657A0000001C0000C4170000C509000048
:1064B0003F82000000B20000C342000003900000D1
:1064C00064F10000001A000005000000041A00003A
:1064D00045000000D8F10000A57100007D7B0000A0
:1064E00054EB0000A90D000053920000F90B0000CE
:1064F0003E800000A94400001A260000821F000010
:1065000000000000002000009A2400000810000095
:10651000457C0000C34200000290000064010000BE
:10652000052400008B10000044740000457C00002E
:10653000001B0000C4170000001C00000510000034
:10654000E6F10000C4C60000C34200000490000051
:1065500010010000009200004F2000000101000027
:10656000A4B8000020B20000E07F000000B20000EC
:10657000E6C20000FC1C0000C8B600008224000037
:1065800009320000084700006F20000043080000A7
:1065900020880000F4100000808000004AC1000044
:1065A00045C00000150F0000B511000009CA000029
:1065B00031D9000011210000C08300002C710000BF
:1065C00044C1000005F4000078270000C11000005D
:1065D00044C1000005C10000782000000000000058
:1065E0000016000083700000008000000100000021
:1065F0001A210000810F00001000000000000000C0
:1066000046C0000055240000003E0000B4DA00003F
:1066100048C10000D20C00002FFF00002C700000C9
:106620008BC00000CA0C00002FFF0000B4DA00008D
:106630000C710000E2BB000043C00000CA20000053
:10664000E103000043C00000792700008011000032
:1066500049C000004227000040120000CD70000039
:106660002843000047C0000002F00000C571000090
:10667000D57300000801000029000000C14000009F
:10668000260B0000AFFE000004C10000184300000C
:106690000AC00000EF080000AE8300002C7000006C
:1066A000C34000000080000040040000C0A80000BB
:1066B00000240000803F0000000000009401000062
:1066C0007A0C00002FFF0000B4DA00000F0F00006A
:1066D000F4110000AD700000910B000011100000DB
:1066E00052F0000025200000C00300001CF0000054
:1066F00022F000002AF000002CF0000004F000005E
:1067000002F000002EF000008BC0000042C000002C
:1067100055240000003E000003C1000006C3000035
:1067200041C0000000240000803F00000000000085
:106730009401000040C000007827000042110000D2
:106740003A0900006FFF0000C14000006D710000B9
:106750008CDD00002AF0000000240000813F0000D2
:106760000000000094010000EA0A0000EFFF0000B2
:10677000CF7800002EF0000000240000813F0000D0
:1067800000000000940100006A0D0000A00000005D
:10679000CF78000026F00000DE090000A000000015
:1067A000CF78000022F000009E0D0000AFFF000037
:1067B000C14000001EF000008BC0000003C10000BB
:1067C00006C2000041C0000055240000003E000049
:1067D00040C0000000240000833F000000000000D3
:1067E00094010000420F000020000000C1400000A2
:1067F0006D710000C0DD000008C0000009C200008B
:1068000063750000A578000000240000813F0000AF
:106810000000000094010000EA080000A000000051
:106820006C7100006945000009CA000094E800008E
:106830000F0F0000F1100000CF7900001A0C0000CB
:10684000AFFE0000634000000CF0000007C0000035
:106850001508000034010000CF7B000004C00000D8
:1068600005C1000052200000000000004E0B000097
:10687000AFFE000063420000A94300007DF100006C
:10688000170F0000D110000009CA000089E80000BD
:106890000016000080700000008000000000000072
:1068A000E5B80000200C000082FE0000001E000081
:1068B000037000000080000014000000802400002D
:1068C00009320000041400001B340000C6C600009A
:1068D000E6C20000FC1C0000C8B60000AEC100000B
:1068E0004DC0000000160000807000000080000015
:1068F000040000005A090000EFFE000044C0000040
:10690000C340000000000000FFFF00000041000045
:1069100000420000520F0000AFFE000000430000E4
:106920000FD800008A090000AFFE00000FD9000058
:106930000C700000CB4700000390000004E0000052
:1069400048C00000221F0000141000008A20000030
:10695000C70F0000A71F00001C100000A81F0000A8
:106960001C1000000C710000FFD9000000B70000EF
:10697000FE1F00000490000005B70000420D00005B
:10698000EFFF0000FC1F000004900000CB46000059
:106990000080000040040000028E00004CC0000097
:1069A000018E00004BC00000048E000047C00000B4
:1069B000038E000046C000006F200000430200006C
:1069C000FD100000818000000F0900007E01000022
:1069D0006F70000007C00000181400001B3000009A
:1069E00048C0000004C000001A200000800F000012
:1069F00010000000000000004AC0000007F0000086
:106A00006F20000043020000FD10000081800000A4
:106A10006771000008C000000C23000000B00000F7
:106A2000EE010000290000000C73000041C00000CE
:106A3000AD7000000C770000210900007E0100000D
:106A400043C000002F200000C0060000031E00000D
:106A5000C2160000041E0000C216000001AE0000B5
:106A60000471000002AE000004F0000001C000004C
:106A70000477000041C0000001C000001470000055
:106A80004A0100002B0000002C71000001C0000032
:106A900000AE000044200000C207000020400000BB
:106AA000001600008170000000800000100000004F
:106AB00005EA000061BA0000FF0A00003180000012
:106AC0001B7800000F78000049C000000B7900001F
:106AD000E7F3000009C00000B20900006FFF0000EA
:106AE0002C7000000C700000160D00006FFE0000FE
:106AF0002C71000003F00000A5710000F90D0000EA
:106B0000331800000C70000004C000001A200000C0
:106B1000810F00002000000000000000052100009F
:106B2000800F00000590000040E00000A0B00000D1
:106B30006F20000043020000FD1000008080000074
:106B40001D0800005E0100001A230000813F0000C4
:106B500000000000001000000AC0000025780000BE
:106B60001B78000005200000800F0000029000004C
:106B70004000000006F0000005210000800F00002A
:106B80000390000040E00000A0B000002A0F0000C9
:106B9000EFFE000014D80000BA080000CFFF00008C
:106BA0000DC000002C710000B60C00006FFE00004C
:106BB00010780000038E000042C000000C7000003E
:106BC00045C0000005F0000002C000000471000094
:106BD00042C00000248E000002C0000073090000C3
:106BE000220000000FD8000002C000002C7000003E
:106BF0006C7000001A200000820F000000000000EE
:106C00000020000005220000800F0000029000001C
:106C1000700100000090000002F0000064710000AC
:106C2000210B000033020000604000009A200000A9
:106C3000080000004578000005200000800F0000DB
:106C400002900000660100000090000075E800005E
:106C5000307800000F200000C1000000F1F10000BA
:106C600002C0000032200000800F00000080000001
:106C7000D00600000679000005C000002F260000A5
:106C800048F00000257800001078000045C00000A2
:106C9000CEF5000001C2000002C300000C74000029
:106CA000C34100000E000000030000004608000081
:106CB000AFFE000040C50000C4F10000BE0F0000A0
:106CC0006FFE00000FD9000005C000001908000089
:106CD0001180000003C000000820000040030000F5
:106CE00043C000000C710000C3410000110000000F
:106CF00001000000460A00006FFE000001C2000013
:106D0000D60D0000EFFE000009C0000003C5000022
:106D100057F1000003C000001FD9000061B9000056
:106D2000FF090000318000001D780000C341000011
:106D30001300000000000000220A00006FFE0000A7
:106D4000522000000000000004C0000000160000F7
:106D50008170000000800000240000001A20000064
:106D6000830F0000200000000000000003C00000AE
:106D70003860000049200000C10700000523000022
:106D8000820F00000590000040E0000020B20000EB
:106D90006F20000043020000FD1000008080000012
:106DA0001F0800005E0100001A230000823F00005F
:106DB00000000000001000000AC00000457800003C
:106DC0001B78000005200000800F000002900000EA
:106DD0004000000020B000000AF100000523000080
:106DE000800F00000390000040E00000920F0000C0
:106DF000AFFF000020B0000002F100001709000002
:106E00005E01000006C0000003AE000007C00000E5
:106E100004AE00000BC0000001AE00000CC000007A
:106E200002AE00000C700000A71F00001C10000044
:106E3000A81F00001C10000000B70000AEC000003A
:106E4000041400001B340000C6C60000E0780000F7
:106E50008C200000C38F000007F40000C341000035
:106E60000490000038020000001900000501000035
:106E700008F0000015080000D1010000C341000027
:106E800004900000380200000019000045000000D6
:106E90000019000005000000C34100001890000028
:106EA0006400000000B10000250000002000000088
:106EB0000219000005000000C34100001890000006
:106EC0006400000010DA000000B1000061BA0000A8
:106ED000FF0A0000318000001D78000002B10000B0
:106EE0000900000020000000021900000500000059
:106EF000C34100001890000008000000009100004D
:106F0000FF0800001F8000005E190000450000001F
:106F100000910000010800001E000000E07E00005B
:106F2000E2C2000000420000001600008070000075
:106F30000080000001000000270800003F01000061
:106F40002844000008D80000860F0000EFFF000072
:106F5000507D0000B60F0000EFFF00004040000031
:106F60006C70000007F00000AA0F0000EFFF0000A7
:106F7000041400000014000064710000F90B00000C
:106F800042830000C2C60000E6C20000FC1C0000F4
:106F9000C8B60000BFC100004FC1000050C00000D3
:106FA000C340000000800000C804000066D9000053
:106FB00052C30000BA0C00006000000054C2000080
:106FC00010C000002C71000038430000C4B800005D
:106FD00006E8000061B80000FF08000031800000F2
:106FE0002F230000C0360000C340000000800000D6
:106FF00040040000A388000090140000003000004E
:107000005F2500004F12000053C000002BF000006D
:107010008E780000002300000B100000442B0000BD
:1070200081100000E57100002E7B00007C780000DC
:107030001C7800001C7800001C7800000042000052
:107040001BD8000061B80000FF080000318000007C
:107050005D7A000058630000C4B800005248000088
:10706000442B0000000800009A20000010000000DF
:10707000057A00001A250000801F000000000000B3
:107080000020000005200000800F0000029000009A
:107090006410000040B000009AC00000B478000006
:1070A00040B0000095C00000B478000020B000009F
:1070B000A5710000C34000000080000040040000F3
:1070C00004880000CB43000000000000FF7F0000A8
:1070D000402300004C1000000D0800006303000076
:1070E000CD70000016F00000E5710000C5710000D1
:1070F000910E000033920000AF780000BE0D00003A
:10710000AFFF0000CF79000078E8000014C0000055
:107110008E790000F5200000C003000030700000F0
:10712000E5080000E3820000CA2400000910000006
:1071300008430000EEF100000C700000520900004E
:107140006FFE0000FFD90000001200008330000035
:107150002C710000FFD800008EB900004C750000B3
:1071600043C6000042C6000041C600001A0A0000E3
:107170006FFE000040C600002F200000C706000080
:107180000C1C00004130000042C0000051C0000053
:10719000FFD80000C34100000000000000440000D0
:1071A0004C7000007CDB000041C60000FA090000C2
:1071B0006FFE000040C60000FFD8000080D900002C
:1071C0004C7500006C74000043C6000042C600000D
:1071D00041C60000E60900006FFE000040C6000046
:1071E0000C7000009A0900006FFE00002C71000076
:1071F0000C71000006090000EFFF0000FFD900003D
:10720000CB4700000390000074E100008A200000DA
:10721000C70F000000B7000001B70000D5740000E0
:107220000801000009000000320E000020000000EC
:1072300011C000000FD80000FE0C00006FFE00001F
:107240000FD900000C700000660900006FFE0000FE
:107250002C710000C34000000080000040040000CA
:10726000A38800006F70000002F00000A57100000C
:10727000C3400000008000004004000004880000BB
:10728000D50800006203000077700000460D000082
:107290006FFE0000AF780000147000000C7000005A
:1072A0004C70000011F40000F1F100009A20000081
:1072B000080000001A250000831F000000000000E5
:1072C000002000006578000005200000800F00000D
:1072D0000290000066010000009000001A620000A9
:1072E00020400000E7080000328200002168000012
:1072F000002300009B3000005DEA0000170E000034
:107300007010000095C00000550E0000F110000044
:1073100095C00000F42000004003000008E00000D9
:1073200004F00000F420000040030000047400009A
:107330000E7A00005C7800001C7800001C780000C9
:107340001C780000004100001BD8000061B800005C
:10735000FF080000318000003D7900003862000025
:10736000C4B8000031480000442A000000080000B2
:107370009A20000010000000057900001A25000086
:10738000801F000000000000002000000520000019
:10739000800F0000029000006410000020B0000088
:1073A0009AC00000B478000020B00000B1F10000E5
:1073B000150E0000311100000C700000C3410000E8
:1073C0002400000001000000DA0E00002FFE000083
:1073D000A1420000A7F1000095C00000F4200000C9
:1073E000410300000AEE0000A509000074820000BD
:1073F0000C70000000210000800F00000000000061
:10740000F8FF0000CCF10000950900007481000035
:107410000C70000000210000800F00000000000040
:10742000FCFF0000C4F10000C57100007DF5000004
:107430002C70000020B7000021B7000010C0000031
:107440004C71000044C0000012C0000045C00000A4
:1074500013C0000046C0000040D8000047C1000033
:1074600068C1000049C10000281C000083300000F2
:107470004BC000000C7000008BB800004CC0000036
:10748000FFD800004DC000006EC10000291C0000A4
:107490004230000084C00000A2090000AFFE0000DE
:1074A0009AC1000084C000009AC100009A0900003F
:1074B000AFFE00004C700000C340000000800000E0
:1074C00040040000A3880000C340000000800000CA
:1074D00040040000C4880000EA090000EFFE00003C
:1074E00011C000005F2600005B1200005F25000055
:1074F0004E1200000FC0000007E80000C34100006A
:107500002500000000000000160C00006FFE0000C7
:107510000C740000C3400000008000004004000024
:10752000A3880000402300001B32000008E6000092
:1075300003F00000A571000009E600007B0B0000CD
:107540008233000012C0000014C40000F5200000C7
:107550008203000013C00000D47C0000F52000006E
:1075600081030000586100002F230000018000000B
:107570001D780000CA2000002400000000B40000B4
:10758000CA0B00006FFE0000AF7800001EE800008C
:1075900050490000482000000F0000000FC000000C
:1075A0000CE8000042C3000041C1000040C20000DE
:1075B0000C740000C341000027000000050000001B
:1075C000A1420000BA0B00006FFE000008DB0000C3
:1075D000EE78000040C000007F2000004001000065
:1075E000C34100002800000003000000A142000089
:1075F000C60D00002FFE000008DB0000CFF10000E8
:107600000FC000004DE800000C740000C3410000F2
:107610002600000002000000A14200008E0B0000C6
:107620006FFE000008DB0000C3F10000001E000038
:10763000057000000F90000022E00000001E000016
:10764000057000000390000004E00000BFC00000CF
:10765000041400001B340000C6C60000E0780000DF
:10766000E6C20000FC1C0000C8B600008224000036
:10767000043F0000CD70000052C0000051C3000064
:1076800058C20000001E0000847300000F9000002C
:1076900022E000006F20000043020000E0880000AC
:1076A000FC1000008D80000012C000003843000074
:1076B0000E0B00006FFE00002C7000005BC000008D
:1076C00055240000803800002C700000760C00006B
:1076D000EFFE0000B4DA0000C340000000800000AC
:1076E00030050000220900006000000060D90000A1
:1076F000BD7D000012C00000BD7D0000BD7D00000A
:10770000BD7D00004C710000BD7D000040410000C7
:10771000C4B8000006E8000061B8000001080000DD
:10772000310000003B790000BD7D00000622000012
:107730004003000054C00000551400000036000053
:107740001A2700008F1F000010000000000000003A
:1077500050C0000054140000003600005CC7000058
:107760004FC0000010F000009A2000000800000048
:107770004043000006EC000061BC0000010C00006A
:10778000311000007B7B0000C57100000520000067
:10779000800F000003900000C4E0000060B0000013
:1077A000D0780000E508000034820000442000008A
:1077B000CC0700002F7800002C700000420B000066
:1077C0002FFF00005AC0000012C00000AD71000081
:1077D00043C000000FC0000044C0000010C0000003
:1077E00045C00000552400008038000046C000005D
:1077F00040D800001C1C000083310000201C000049
:10780000C036000069C500004AC00000C340000047
:1078100000000000000F00004BC00000FFD8000077
:107820004CC000000C7000006DC0000053C0000090
:10783000251C000002300000C34000000080000052
:1078400040040000038800005F20000040020000A8
:107850004EC00000C3400000008000004004000053
:10786000048800005F2000004002000008E00000E3
:1078700059C000000C7000000AF000005A200000FF
:1078800002040000347000009EC100001961000075
:10789000CE2200002100000040A900000471000079
:1078A000EF08000032810000442000004100000089
:1078B00004F0000013C000000471000053C0000079
:1078C000B5700000D0F200005E0E00002FFF000037
:1078D00083C0000013C000000EC400000F78000039
:1078E0005DC000001473000014C00000CA20000036
:1078F0006100000054C0000002F00000857100002B
:1079000019C000003F0800002203000083C00000EF
:10791000560D00002FFE00008F7800000FC20000FF
:10792000947A000012E8000000920000F5E80000E0
:107930005524000080380000F420000000030000FF
:1079400042200000010800002F26000046F0000041
:10795000D6070000C3FF0000C37000000000000055
:10796000E0FF000005F00000C34000000000000040
:10797000FF1F000000B20000E1F10000120800004B
:107980004FFF00000EC4000002F0000085710000EF
:1079900019C000003508000022030000AD7000008F
:1079A0000E0D00002FFE00008F78000010C10000B7
:1079B000947900000DE8000000910000EB08000041
:1079C000F18F00005524000080380000F5200000F1
:1079D00000030000DF0800003288000020E0000003
:1079E00004F00000C34000000000000000E00000C0
:1079F00000B10000E7F10000C3400000008000007B
:107A000040040000038800000EC6000055C00000BE
:107A100005F0000015C00000D07E000004710000D9
:107A200055C0000015C000000F78000056C00000CF
:107A3000C3400000008000004004000024880000D3
:107A400016C00000DB09000024000000B570000033
:107A50008D7200000C70000004F0000017C00000E0
:107A6000C57100000471000057C0000017C000007D
:107A70000F7F000088E7000027F7000008F40000EF
:107A800011C00000D079000034780000F010000030
:107A90000181000057F00000920C00002FFE000052
:107AA000CF7800006FE800000FC00000D07A00001F
:107AB000F52000008100000010C00000F52000004B
:107AC000800000003348000048230000030000004D
:107AD0006E7B0000810B0000B301000038600000E5
:107AE0000C7300003C200000DB030000BB0C000016
:107AF000C096000014C0000016C2000040C3000081
:107B00000F7800007820000000000000C341000052
:107B10001C00000003000000320B00002FFE0000DC
:107B2000E14300001BC000009A2700000110000084
:107B3000AD71000055200000C10800001CC000000D
:107B400004270000821F000000000000003F00002A
:107B50006B4400000579000016C000001A200000E8
:107B6000800F0000000000000010000025780000D9
:107B7000457800001B78000005200000830F0000FE
:107B80000290000000000000409300001DC00000B3
:107B90009EC1000033210000000000005960000079
:107BA00009690000107A00002E7800007F20000094
:107BB000C00700005F200000000800009EE20000F7
:107BC000CA2100000D00000020B30000A5F1000054
:107BD0002F26000001F000001D79000011C00000F8
:107BE000CA210000240000005478000020B00000EA
:107BF0009BF10000D00E0000C2FE00002FF100003B
:107C000018C0000089080000300000000C7400005B
:107C1000C34100001D000000000000008E080000AD
:107C20004FFE0000C3400000008000004004000040
:107C3000A388000006F000000EC00000A57100003F
:107C4000107800004EC00000C3400000008000001B
:107C50004004000004880000AF7E00005D080000C2
:107C6000A4030000ED70000005F000000EC000004D
:107C7000E5710000047100004EC00000EF7C0000C0
:107C800088E400002EF70000F9F300000EC00000A9
:107C9000960B00002FFE00000F78000015E8000092
:107CA0000EC00000107900000FC00000F520000099
:107CB0004200000010C00000F5200000430000005A
:107CC00011C00000F520000040000000C34100008A
:107CD0001F0000000500000042C000000C740000FE
:107CE00041C3000040C2000005F000000C74000019
:107CF000C34100001E00000002000000C14200005D
:107D00001A0800006FFE000081430000D9F1000056
:107D1000CE0D0000AFFE00001AC000000C70000085
:107D2000001E0000047000000390000004E000004A
:107D30000016000001710000049000004A000000DD
:107D400000160000007100000080000060000000CC
:107D500004200000800F0000000000000008000068
:107D6000052000007E80000042F40000C3400000B7
:107D70000080000040040000438800005F220000F3
:107D80004102000004F00000447100006041000066
:107D9000C340000000800000400400000488000090
:107DA00051080000A30000008D7000002AF00000C0
:107DB00011C00000F52000004D000000BC7800005C
:107DC0001C7800001C7800001C78000000410000B6
:107DD0001BD8000061B80000FF08000031800000DF
:107DE0003D79000038650000C4B80000314800004B
:107DF000442D000000180000A16C00009A2400002F
:107E0000081000009A200000100000000579000012
:107E10001A220000800F0000000000000020000077
:107E20008578000005200000800F0000029000000F
:107E30006400000020B00000A94400006041000080
:107E4000B90C00003292000061690000D0F100001E
:107E500010C0000018C1000011C2000040C00000A6
:107E600012C0000096080000EFFF00000FC30000E2
:107E700080240000043F0000041400001B340000B4
:107E8000C6C60000E0780000E6C20000FC1C00004E
:107E9000C8B60000A7C100004A0B00006FFE00003A
:107EA00008460000C60B00006FFE000044C0000042
:107EB000CE0B00006FFE000046C00000C341000072
:107EC00000000000CCCC00006C70000008470000EF
:107ED0000FD8000020420000684500002A0C000076
:107EE0006FFE000040C3000008D800002C700000A6
:107EF0004C7000006C7000001A0C00006FFE000057
:107F000040C5000004C000000F78000045C000001C
:107F100005C10000660A00002FFE00000C70000082
:107F20000012000083300000FFD800002C70000019
:107F30004C75000043C5000042C5000041C500006B
:107F40002E0B00002FFE000040C500005EF8000070
:107F50006C72000043C5000042C5000041C500002E
:107F60001E0B00002FFE000040C5000008CA0000E4
:107F7000C34100000000000000750000CF7E00003B
:107F800043C00000FFD800004C7200006C74000079
:107F900042C6000041C50000001C0000803F0000F8
:107FA0000000000000100000FA0A00002FFE000090
:107FB0003843000010E70000442700004010000094
:107FC000F86000000F7F0000FFD8000080D900009B
:107FD0004C750000E143000043C5000042C50000AD
:107FE00041C50000DE0A00002FFE000040C5000071
:107FF0000C700000920A00002FFE00002C7100009F
:10800000C34100000000000033330000C343000000
:1080100000000000999900000FD8000020420000E5
:10802000860B00006FFE000040C30000C34100004B
:1080300000000000AAAA000008D8000020420000AA
:108040006C700000760B00006FFE000040C5000061
:1080500005C10000C60900002FFE00000C700000E2
:108060000012000083300000FFD800002C700000D8
:108070004C75000043C5000042C5000041C500002A
:108080008E0A00002FFE000040C5000036F80000F8
:108090006C72000043C5000042C5000041C50000ED
:1080A0007E0A00002FFE000040C5000008CA000044
:1080B000634100004C72000043C00000FFD8000084
:1080C00042C6000041C50000001C0000803F0000C7
:1080D0000000000000100000620A00002FFE0000F7
:1080E0006C7400002BF80000E143000043C5000061
:1080F00042C6000041C50000520A00002FFE0000E9
:1081000040C500002E0900006FFE0000C1400000C5
:1081100008CA000050230000013300004C71000029
:1081200043C00000FFD8000042C6000041C5000067
:10813000001C0000803F0000000000000010000054
:108140002E0A00002FFE00006C740000CE08000014
:108150006FFE0000C140000004C1000006C0000026
:108160004C75000043C500001420000041000000D1
:108170004221000000060000C0B800003860000086
:1081800028E000000F7B0000FFD800002C700000EA
:1081900042C5000041C50000020A00002FFE000099
:1081A00040C500000C7000008EB800001B79000074
:1081B000FFD800004C7500006C7200000C1C000021
:1081C000C130000042C5000041C50000EA090000BE
:1081D0002FFE000040C50000FFD800002C700000FA
:1081E0004C75000010DB000043C5000042C50000D4
:1081F00041C50000D60900002FFE000040C5000068
:10820000FFD8000080D900004C7500006C7400009D
:1082100043C5000042C5000041C50000C20900007E
:108220002FFE000040C50000A7C00000041400009D
:108230001B340000C6C600002C700000FFD80000F0
:108240008EB900004C750000E07E0000E078000070
:10825000E6C20000FC1C0000C8B60000AAC1000075
:1082600048C20000C342000000800000400400003B
:1082700044C0000006920000A19100000A12000014
:108280001B01000046C000000016000080700000C6
:1082900000800000100000002C70000047C00000AB
:1082A0009E0800002FFE00000C700000001200006D
:1082B00083300000CD700000FFD800002C7000005B
:1082C0004C75000043C6000042C6000041C60000D5
:1082D000660900002FFE000040C6000008C0000034
:1082E00087BD000045C500001470000005C00000F7
:1082F000ED710000FFD90000CA200000C106000097
:1083000045C0000004C00000C5230000823F0000FB
:10831000000000008010000044200000CD07000095
:10832000E140000006ED000061BD0000010D00000D
:10833000311000001B78000049C0000004C000009C
:10834000122100000100000007C000002478000096
:1083500044C0000006C0000004200000800F0000A0
:1083600000000000FFF9000046C0000003F000001C
:10837000C57100005F0E000033110000E9450000E8
:1083800044260000C017000005E8000061B80000A6
:10839000FF08000031800000BB7D000008C0000025
:1083A00012E8000007C000000B7D000010F2000082
:1083B00006C000000C1C000001300000041C00007E
:1083C0008130000040C00000AF78000042C00000D3
:1083D000FFD800002C7000004C730000860A0000DB
:1083E0002FFE000013DB000004C00000AB7800008B
:1083F000E0F30000AF7800000C1C0000013000002A
:1084000041C7000042C00000FFD800002C700000EF
:108410004C73000013DB0000660A00002FFE000012
:10842000001C0000C0360000D2F1000009C00000AE
:108430002C70000043C100000F78000041C700000D
:1084400042C0000005C000004C73000013DB0000B8
:1084500040C00000FFD80000460A00002FFE0000C8
:1084600028450000FFD800002C7000004C7500006B
:1084700022DB00000C1C00000134000042C500009B
:1084800041C500008E0800002FFE000040C500001E
:10849000FFD8000080D900004C7500006C7400000B
:1084A00043C5000042C5000041C500007A08000035
:1084B0002FFE000040C500000C7000002E080000D8
:1084C0002FFE00002C710000AAC000000414000060
:1084D0001B340000C6C60000E6C20000FC1C000001
:1084E000C8B60000A5C1000044C10000A2080000F9
:1084F0006FFE000008470000184300000C700000E9
:108500006E0F0000EFFD000008D90000AD70000004
:10851000FFD800002C7000004C7000007CDB0000D5
:1085200043C5000042C7000041C500003A080000F2
:108530002FFE000040C500004A0A00002FFE000088
:10854000FFD800004223000080340000C0B80000C3
:10855000002300001B30000004C00000CD700000AC
:10856000402300009B3B00008CBE000016E800008A
:10857000FFD800000CD900004C7100006C740000A2
:108580000C1C00008130000042C7000041C5000003
:10859000060800002FFE000040C60000FFD80000C3
:1085A0000CD900004C7100006C75000043C5000040
:1085B00042C7000041C5000040C600000BF00000AB
:1085C0000C1C00000131000042C7000041C5000042
:1085D00040C60000FFD800000CD900004C7100001C
:1085E0006C740000DE0F0000CFFD0000FFD800001B
:1085F0002C7000004C7100006C74000043C500003A
:1086000042C7000041C50000CA0F0000EFFD000096
:1086100040C600002F230000C7060000FFD800005E
:108620000CD900004C71000043C5000042C7000097
:1086300041C50000B60F0000EFFD000040C600007D
:108640002C700000FFD800008FB900004C750000AE
:108650006C7200000C1C0000C130000042C500001C
:1086600041C500009E0F0000EFFD000040C5000066
:10867000FFD800002C7000004C75000010DB0000DB
:1086800043C5000042C5000041C500008A0F00003C
:10869000EFFD000040C500007E0900002FFE000035
:1086A000FFD800008A2000001000000043C5000031
:1086B00042C7000041C5000040C00000FFD80000D4
:1086C00080D900004C7600006A0F0000EFFD00002A
:1086D0006C740000A5C00000041400001B340000EE
:1086E000C6C60000E0780000E6C20000FC1C0000E6
:1086F000C8B60000A5C100002845000008470000DA
:108700000C700000FFD90000784300006A0E0000E2
:10871000EFFD00004846000000120000833000001A
:108720000C70000043C0000042C0000041C00000C7
:1087300044C0000040C00000FFD800002C700000C2
:108740002E0F0000EFFD00004C75000005F000004A
:1087500004C000000471000044C0000004C0000018
:108760002F0800001501000004C0000032200000A6
:10877000800F000000800000CC060000ED0B000020
:108780002FB000004C730000F42500000110000021
:108790000C1C00000130000042C7000041C0000076
:1087A00040C10000FFD800002C7000009E080000AF
:1087B0002FFE000013DB0000E6F1000010EE0000C9
:1087C0008A200000100000000C1C00000130000096
:1087D00042C70000041C00000130000040C000003F
:1087E000FFD800002C70000007DA0000DA0E00004D
:1087F000EFFD00006C7400002C700000FFD800003A
:108800004C75000032DB00000C1C0000013400003D
:1088100042C1000041C1000028450000C20E000016
:10882000EFFD000040C10000FFD8000080D900002B
:108830004C7500006C74000043C5000042C5000088
:1088400041C50000AE0E0000EFFD000040C5000075
:108850000C700000620E0000EFFD00002C710000A3
:10886000A5C00000041400001B340000C6C60000B0
:10887000E6C20000FC1C0000C8B60000A1C1000058
:10888000001600008F700000008000001000000043
:108890000846000058430000284500000C70000006
:1088A00003F0000000C000000471000040C00000A0
:1088B00000C000002F0800001301000000C00000ED
:1088C000F30F00002E9000002C71000000C000008B
:1088D0006343000044200000C20700002040000065
:1088E00005EA000061BA0000FF0A000031800000C4
:1088F0001B7800000F780000C1410000FA0E000054
:10890000EFFF0000A1420000E7F1000087740000C3
:10891000041400001B340000C6C60000E07800000C
:10892000E2C20000FC1C0000C8B600003843000092
:1089300008430000AD70000002F00000A5710000C7
:10894000452B000080310000490D0000051000009B
:108950005A2500008211000061720000018A0000A7
:10896000608A0000228A00009A20000004000000B3
:10897000057B0000038A00009A200000040000002C
:10898000257800001A200000800F00000100000080
:108990000000000005200000C1000000058A000062
:1089A000648A0000347700009A2000000400000070
:1089B0006578000007F200003B7900009CB90000D8
:1089C0009FB9000000B10000DDF100000A080000BE
:1089D0008FFE0000DBF10000041400001B340000D7
:1089E000C2C60000E0780000E6C20000FC1C0000E7
:1089F000C8B60000A2C10000CB4600000080000005
:108A000040040000E38E00001843000040C3000053
:108A100041C1000004EA0000FB7B000004F00000FC
:108A20005F27000043120000547000004A27000036
:108A300000320000CA2700006230000003F000008E
:108A4000E5710000048E0000107700000C7000003B
:108A5000D3F600003BF000009A2100000100000066
:108A60000471000064710000257D00001A270000D9
:108A7000811F000000000000001000000521000020
:108A8000C1060000857900003B79000091B9000023
:108A90009CB900009FB90000A0B10000D50F0000F4
:108AA00022B000000844000001C100009A24000028
:108AB00004100000F5210000C200000000C1000009
:108AC00012E900005C7D0000BC7D0000BC7D000060
:108AD000BC7D00004A220000C016000042220000B7
:108AE0004A100000FF0A000031900000BD7D000028
:108AF000442A000001080000BA620000C4BA000065
:108B0000B54A0000D6F100008A250000CF1F000002
:108B1000447D000004220000810F000000000000DE
:108B200000FC00000ADA000061BA0000010A00003F
:108B3000310000003D790000C8F10000A2C0000033
:108B4000041400001B340000C6C60000E0780000DA
:108B5000E6C20000FC1C0000C8B60000A9C100006D
:108B60002C71000044200000C207000006EA00004B
:108B700061BA0000010A0000310000003B790000EA
:108B800047C10000A60800002FFE00002C70000066
:108B900044C00000C340000000800000400400000A
:108BA000C3880000001600008070000000800000F4
:108BB000040000006F7000001A200000800F000009
:108BC000100000000000000045C0000003F000009D
:108BD000C5710000C3400000008000004004000098
:108BE00004880000CF7F00008D7000003D08000069
:108BF000E50300006C7000003AF00000384B000004
:108C00001B79000004210000810F0000000000001B
:108C1000C0FF0000C4B80000052100000B000000E8
:108C200004C000009A2200000400000085710000CA
:108C300055200000010C000005C000002578000050
:108C400045780000057D0000BB78000091B8000069
:108C50009CB800009FB8000000180000C40200008B
:108C60008F7A0000B90A0000758200004F240000CE
:108C7000801000001A2700008D1F00000000000077
:108C8000001000000F780000BB08000011810000F8
:108C900004C0000055200000010D000005C00000C8
:108CA0002578000005200000410300000C7300003F
:108CB0003C200000800000009A200000040000001A
:108CC000257800001B78000091B800009CB80000D7
:108CD0009FB8000060900000C4BB0000C9F1000014
:108CE000A20A000000000000CB47000000000000C6
:108CF000FFFF0000C34000000390000004E00000FC
:108D0000CD71000000180000C4060000F0B00000A3
:108D1000D6B00000CFB00000001600000D710000BA
:108D2000049000004A0000000FD80000E14100005C
:108D3000E1420000E1430000FA0C00002FFE0000B9
:108D400040C700000C700000FFD90000C3420000C3
:108D50000000000000F00000E1430000EA0C000009
:108D60002FFE000040C7000004C0000044200000A7
:108D7000CA070000C14000000F0A000010100000E8
:108D8000422200004A100000FD0A0000319000005D
:108D90001B780000042000004083000048C0000051
:108DA0000AF200000C740000FFD90000C34200006A
:108DB0000000000000F00000E1430000BA0C0000D9
:108DC0002FFE000040C700000FD80000360F000043
:108DD000EFFD00000FD900003A0C00000FFE00006C
:108DE00046C000000C700000FA0A0000EFFD000011
:108DF0001FD9000000CA000007C10000AD700000CC
:108E0000047600008EBD00002F7F00000F7B000065
:108E1000FFD80000A14100004C7500000C1C0000B0
:108E2000C036000042C70000041C0000C03600002D
:108E3000B60B0000EFFD0000001C0000C036000073
:108E40004F25000081120000FFD800004C70000088
:108E50007CDB000043C6000042C70000041C000089
:108E6000C03600009E0B0000EFFD0000001C00005B
:108E7000C0360000AD70000029F000008CBE00007C
:108E800070F800000C1C0000C130000041C500005B
:108E900040C60000860B0000EFFD000042C7000046
:108EA00068BE00006CF8000043C5000042C7000027
:108EB00041C50000760B0000EFFD000040C6000039
:108EC0002C700000FFD8000090B900004C72000028
:108ED0006C7400000C1C00008130000042C70000D0
:108EE00041C500005E0B0000EFFD000040C6000021
:108EF000FFD800002C7000004C75000010DB000053
:108F000043C5000042C5000041C500004A0B0000F7
:108F1000EFFD000040C6000067710000B30B0000C9
:108F2000B2B0000008DE000006C000004C75000072
:108F300043C500006AB80000442000004100000062
:108F400006C0000042C5000041C5000038600000B6
:108F500036E000000F7B0000FFD800002C700000FE
:108F60001E0B0000EFFD000040C50000FA090000E4
:108F70002FFE0000E1400000AD760000CD70000043
:108F80001DF00000C341000000000000004400008C
:108F90004C7100006C74000043C6000041C6000024
:108FA00042C70000FE0A0000EFFD0000001C0000A8
:108FB000C036000000250000C01600001078000038
:108FC00043C6000042C7000041C6000040C0000088
:108FD000FFD80000C3410000000000000044000072
:108FE0004C710000DE0A0000EFFD00006C74000010
:108FF000A5710000DB43000000000000001000002D
:10900000C30D000032920000FFD80000FFD800001E
:10901000C3410000000000000C4400004C7100003F
:109020006C74000043C6000041C60000001C000034
:10903000C0360000B60A0000EFFD000042C7000085
:10904000520900002FFE0000E1400000FFD80000A0
:109050002C7000004C750000B0DB000043C600001F
:1090600042C6000041C600009A0A0000EFFD000061
:1090700040C600008A2000001000000043C6000027
:1090800042C7000041C6000040C00000FFD80000F9
:1090900080D900004C760000820A0000EFFD00003D
:1090A0006C7400009B0E000033120000A140000011
:1090B0000C700000320A0000EFFD00002C7100006F
:1090C000C3400000008000004004000061880000F0
:1090D000AD70000003F0000064710000C3400000A8
:1090E00000800000400400000288000065080000C5
:1090F000E20000000FD800007C7C00004423000048
:1091000041000000AA0F00002FFE00008F78000031
:1091100072E800002040000008C200009A20000011
:10912000100000001A2400008C1F00000000000046
:109130000010000054700000CA2000002100000050
:10914000857800001B78000005200000800F0000DB
:109150000290000066010000009000001D65000004
:109160005EE8000004C000009A2100000400000036
:1091700055200000020D000005C0000045780000E9
:1091800085780000257800001B780000052000008D
:10919000810F00000290000000000000009100001C
:1091A000552000000008000000B10000CCF10000D4
:1091B000420D0000EFFD00000FD90000EE0B000093
:1091C0008FFE0000C57100006F0D0000319000009F
:1091D0000C700000C34100006A01000000000000A4
:1091E000CE0F0000AFFD000078200000000000005E
:1091F000A9C00000041400001B340000C6C6000013
:10920000FFD80000C341000000000000004400003F
:109210004C7200006C740000E07E0000E0780000FA
:10922000F1C00000C34000000080000014060000F0
:109230007A0B0000EFFF00008AD900000FD8000071
:10924000FA0C0000EFFD00000FD90000D1C00000B3
:10925000E07E0000E0780000E6C20000FC1C000098
:10926000C8B60000AEC1000018430000CD71000078
:10927000C140000044230000C237000006EA00009D
:1092800061BA0000010A0000310000001B780000F4
:1092900049C1000047C00000634000001A0D0000F3
:1092A000EFFD00002C700000001600008D70000023
:1092B0000080000004000000CA0900002FFE00002A
:1092C00045C0000054200000800800008C200000F1
:1092D000838F0000ED700000FED8000044C0000045
:1092E00006F60000B60900000FFE00005420000042
:1092F0008008000044C000001A2500008D1F0000F7
:1093000010000000000000004AC50000CB4500002E
:1093100004900000AA000000009500004BC000006F
:10932000001E00008473000005900000AAE0000009
:109330007A0F0000CFFF00000C7000008FB8000013
:10934000001E0000047000000390000002E0000016
:1093500040D90000C34000000390000002E000007C
:1093600032B00000A01500000191000005C000000F
:10937000CB460000008000004804000011210000DE
:109380000080000098D90000AAD800003C700000BE
:10939000C341000005900000AAE00000A2190000EF
:1093A000048000002F200000C006000056200000AE
:1093B000000E0000C3410000089000000000000003
:1093C0002578000000900000A296000046C0000032
:1093D000E9110000000700002C71000048C00000E7
:1093E000FE0F0000AFFD00008A2000000400000016
:1093F0000012000083300000FFD800002C70000035
:109400004C75000043C7000042C7000041C7000080
:10941000C6080000EFFD000040C7000007C00000C4
:1094200043C700004C7200000F78000042C00000EB
:1094300045C0000004C0000041C70000001C00003F
:10944000803F0000000000000010000044200000E9
:1094500041000000386000000F78000044C00000A8
:1094600004C3000080D90000FFD800009A08000063
:10947000EFFD000090B900000C7000004E080000E5
:10948000EFFD00002C71000006C0000007C10000C5
:109490008B25000018900000C3B80000C520000014
:1094A000420000009A200000040000000420000098
:1094B000810F0000FF00000000FF000008C0000056
:1094C00004200000800F000000000000FFF00000FA
:1094D00025780000C141000046C0000007F00000F0
:1094E000FA6000000111000080040000E571000036
:1094F00000AA0000F90F0000349200008CC00000A8
:109500000296000009D9000061B9000001090000BD
:10951000310000001D780000C1B8000013080000F1
:10952000700000002C7400000B080000B000000068
:1095300040D900002C70000009E8000001960000EE
:1095400004200000800F000000000000BBFD0000B0
:1095500025780000321C00000430000005C0000027
:109560008CC100004C710000C2080000EFFF000039
:109570006C700000634000008CC100006E0E0000A3
:10958000AFFF00004C7100000016000000710000E9
:1095900008900000E0010000CB47000009900000A7
:1095A000E0E1000047C0000088B8000000B70000FC
:1095B00006C0000087B800003A0800002FFE000037
:1095C000F21F00000490000048C000008A20000044
:1095D00004000000060F0000AFFD00002C71000029
:1095E00000120000833000002C700000FFD8000043
:1095F0004C75000043C1000042C1000041C10000A1
:1096000028450000CE0F0000AFFD000040C1000063
:10961000DE090000EFFD0000FFD8000005C00000DB
:1096200004C300002C70000043C5000042C00000CD
:10963000FFD8000090B9000041C50000001C0000E8
:10964000803F00000000000000100000AA0F000092
:10965000AFFD00004C72000008C000004C7100001B
:1096600043C500001EE0000044200000410000004F
:10967000386000000F7B0000FFD8000042C50000EA
:1096800041C50000001C0000803F000000000000F9
:1096900000100000860F0000AFFD00002C740000D9
:1096A0000C70000090B800001D790000FFD8000089
:1096B0004C7500006C7200000C1C0000C1300000F2
:1096C00042C5000041C500006A0F0000AFFD000068
:1096D00040C50000FFD800002C7000004C75000051
:1096E00010DB000043C5000042C5000041C500007A
:1096F000560F0000AFFD000040C500004E090000FD
:10970000EFFD0000FFD80000FFD8000080D9000066
:109710004C7500006C74000043C5000042C5000099
:1097200041C500003E0F0000AFFD000040C5000035
:1097300000160000807000000080000001000000A2
:109740000B080000BE0000008A2000000606000092
:1097500033D80000E20E0000AFFD00002C710000C5
:1097600006C000008CC100004C700000F21F000019
:1097700004900000720D0000AFFF00006340000085
:10978000C14000002C71000076080000EFFF0000CF
:1097900040DA00000BC00000AD7000002C7100002A
:1097A000001E00000470000005900000AAE0000008
:1097B000C34000000390000002E00000001E000013
:1097C000447300000390000002E00000B2B000000B
:1097D000060E0000AFFD00008A200000040000001B
:1097E0000012000083300000FFD800002C70000041
:1097F0004C75000043C5000042C5000041C5000093
:10980000CE0E0000AFFD000040C5000005C0000006
:1098100004C300002C70000043C5000042C00000DB
:10982000FFD8000090B9000041C50000001C0000F6
:10983000803F00000000000000100000B20E000099
:10984000AFFD00004C720000FFD8000080D900007E
:109850004C7500006C74000043C5000042C5000058
:1098600041C500009E0E0000AFFD000040C5000095
:109870000C700000520E0000AFFD00002C710000C3
:1098800007C000002C7000004C70000000B7000002
:10989000001E0000447300000390000004E000007C
:1098A0004E0900002FFF000009C0000063400000C7
:1098B0000E0A0000EFFD00002C7000005520000093
:1098C000010D00000AC000004C7100006C70000027
:1098D000257800008E080000EFFF000009C100009D
:1098E0005A0800008FFE0000120A00000FFF00005F
:1098F000AEC00000041400001B340000C6C6000007
:02000004FFFCFF
:10004000500F11EEF00880E3500F01EE0100A0E325
:10005000950F07EE4004A0E3100AE8EE8007A0E346
:08006000100AE1EE1EFF2FE182
:0400000500000000F7
:00000001FF
