:02000004F414F2
:100000009800000000000000500000000000000008
:100010005000000000000000500000000000000040
:100020005000000000000000500000000000000030
:100030005000000000000000500000000000000020
:100040005000000000000000500000000000000010
:100050005000000000000000500000000000000000
:1000600050000000000000005000000000000000F0
:1000700050000000000000005000000000000000E0
:1000800050000000000000005000000000000000D0
:1000900050000000000000005000000000000000C0
:1000A00069200000400000004A26000000700000A7
:1000B0004A260000007000004A2600000070000080
:1000C0000000000000000000000000000000000030
:1000D0000000000000000000000000000000000020
:1000E0000000000000000000000000000000000010
:1000F0000000000000000000000000000000000000
:1001000054700000E07C000000430000011100007A
:100110008C0400004222000042800000011B00000D
:1001200012030000FBF50000E07E0000E078000014
:100130002C7000004C7000006C7000004D700000CE
:100140006D7000008D700000AD700000CD7000007B
:10015000ED7000006A200000800200008DB80000F1
:100160002920000000800000DB4400000080000027
:1001700000400000DB42000000800000000400009E
:100180006F700000E078000022200000800F000067
:1001900000000000401B000069200000400000003B
:1001A000E0780000FEF10000E1C30000E1C20000C1
:1001B000E1C10000E1C00000F1C00000A1C10000E9
:1001C00005E8000087740000D1C00000E07F000057
:1001D000A4C0000000160000807000000080000035
:1001E0004804000017080000350200004C710000B0
:1001F000C4B8000006E8000061B800000108000073
:10020000310000005B7A000005F0000000160000DD
:100210008270000000800000100000006F200000CD
:10022000430A000040A80000048800008C20000061
:10023000C38F00000EF2000084C0000040C0000028
:1002400020400000660F00002002000084C1000072
:10025000C34100000204000000000000E60C0000A2
:1002600060000000FFD80000EA0E0000200200003D
:10027000FFD800000C700000AB200000C40000009C
:10028000FF7F000000F000001D7900003D790000B4
:100290003D79000044210000820300001D79000028
:1002A0003D790000C0B900004579000008DA00007F
:1002B00061BA0000010A0000310000001D78000052
:1002C0004420000000040000257800001F08000002
:1002D0003003000017D90000442000000106000090
:1002E0001309000031020000994800000B080000CB
:1002F00074030000F7D9000002F000002C72000027
:1003000014790000E07F00002F780000E078000002
:100310001D7800001D7800001D78000053200000AB
:10032000408000004C70000002F200001249000002
:10033000E07F00004F7800001D7800001D7800006D
:100340001D780000C2B80000994800000B090000A9
:10035000540300001961000063B90000E07F000051
:100360002F780000E0780000E6C20000FC1C0000CE
:10037000C8B60000B5C1000054C200002845000006
:1003800000420000C3410000EE0000000100000038
:100390004A0C0000600000000C7500006F70000047
:1003A00035F000006142000009F0000014C00000B8
:1003B000F4200000830000008EC0000034780000AC
:1003C00060B00000BA62000024710000F309000070
:1003D00094820000834100001C910000461400003C
:1003E000033100005F91000053C00000481400007A
:1003F000013100004A140000003100003A140000EE
:100400001F3100003C1400001E31000040140000A9
:100410000F310000421400000E31000044140000AF
:100420000C31000046C3000013C3000048C00000A8
:1004300047C1000042C200000C750000C34100002B
:10044000EF0000000B00000045C4000044C600009F
:1004500043C70000041C000080370000001C00009F
:10046000C0370000E20B00006000000061420000A5
:10047000677100002F230000C8160000970B0000D2
:10048000649300002C700000B5C00000041400004C
:100490001B340000C6C600004528000042020000D0
:1004A0008A210000FF0D000049790000386000003B
:1004B0000F79000049020000E00100004040000008
:1004C000C3400000008000004D040000021800003E
:1004D00003000000E07F000001180000030000009E
:1004E000E6C20000084500000C700000CB47000089
:1004F00008900000E401000000B7000001B7000010
:1005000002B700006F230000C30A0000008B000048
:100510004F2500008211000048440000E0B80000B0
:10052000CA24000041130000CB46000000800000F8
:100530004D04000018F40000011600008B100000AC
:10054000A140000075700000CA200000810000007A
:100550004F13000082000000E3BA00001F0B0000F0
:10056000301000001C750000028E00008A2500007B
:1005700018100000857D000007E800000524000039
:100580008D1F000000000000000E000003F00000BE
:10059000484500008C210000C38F000014F20000C9
:1005A000EF130000808000001A200000800F000080
:1005B000200000000000000005200000820F000065
:1005C000049000004000000005200000800F0000A3
:1005D0000390000040E0000020B20000020A00008A
:1005E000E001000020B000008A2000001A02000094
:1005F000C34100000E9000002A000000FC1F000014
:100600004493000000B10000C3400000000000005F
:10061000AC0F0000001E00000310000001B100003C
:100620000C700000C6C600004C7000001072000084
:10063000E0200000CA070000001600000171000061
:1006400008900000D6010000F30900003E80000081
:1006500044710000E07E0000E2C200002843000078
:100660003A0E0000600000000A2600000030000082
:10067000CB45000004900000F2000000001D0000C7
:1006800045100000001D000005100000001E0000C5
:100690008477000008900000E20100005A0E00007C
:1006A000E00000000C760000170B00003010000086
:1006B000101D000045100000C340000000000000B5
:1006C000A8610000B60F0000CFFF0000101D000061
:1006D00005100000C2C60000E6C20000FC1C0000BD
:1006E000C8B60000A2C1000040C0000007C0000062
:1006F0002847000008C10000061C0000043000006C
:1007000000C00000051C0000423000004845000009
:100710000016000082700000008000004D04000000
:100720008C200000C38F0000001400001E30000069
:1007300000160000C070000000800000F9030000F7
:10074000784300002508000033000000CA2600009E
:1007500081300000F3DA00003B780000247A0000CA
:100760004420000000020000057A00003D780000EF
:100770004420000000010000057A00004041000014
:10078000051C000082300000170D0000F110000071
:1007900009C6000035090000D00100000016000065
:1007A0008070000000800000130000008DE8000051
:1007B00012F00000170D000090150000210D000040
:1007C000511500000016000080700000008000003D
:1007D00001000000150800009F010000C14000005A
:1007E00040240000413100005A0F0000A00000002A
:1007F00040240000823100000016000080700000DC
:100800000080000001000000110800009E010000AF
:100810000D0D0000D0100000090D0000B015000003
:10082000DB780000057E0000F0BF000079250000A5
:10083000DF1000000AC30000C5270000613000007F
:10084000F77000002F0D000075130000D027000086
:10085000211400000C70000025200000400300005F
:100860000DF0000015F0000011F0000015F0000080
:1008700016F0000019F0000016F0000011F0000062
:100880000FF000000FF000000DF000000DF0000070
:100890000EF000000C7400000FF000000F0D0000BF
:1008A000501500000F0D0000911500000C730000A2
:1008B00009F000000C72000007F00000C10D0000FC
:1008C000F11000002F6D000007D8000003F00000B9
:1008D0000C750000FD79000044210000020E0000AC
:1008E0004B270000009C000058DC0000CF220000D5
:1008F000E2010000E47C000084210000010000000F
:10090000857A000025780000052200000100000023
:10091000FD7800009A210000040000001D7800000E
:100920001D78000004200000800F0000000000007F
:1009300000200000052300001B3000002F230000D2
:1009400080170000C3420000089000000000000073
:1009500005210000C10600000523000080100000F2
:10096000061400000C31000020B00000E14000003F
:100970009A200000040000005127000000B0000091
:10098000C3BE000004200000810F00000000000032
:10099000000F00000514000080300000C521000099
:1009A000820300001A200000800F000000000000F9
:1009B000001000000579000054230000001800001A
:1009C0004578000020B0000055230000001800000A
:1009D0004578000080B0000004270000801F000060
:1009E0000000000000FF0000057B00005523000010
:1009F000001C0000057A000060B2000000C000008A
:100A000040260000413000008C200000C38F000011
:100A100005F40000001E000042700000008000008D
:100A20004D0400002F780000A2C000000414000054
:100A30001B340000C6C6000029090000F5010000B3
:100A40000C7100002520000040000000A3F1000010
:100A500006F0000008F0000008F000000AF00000B6
:100A60000AF0000002F000000C7600009BF100008C
:100A700016D8000099F1000008D8000097F1000096
:100A800020D8000095F100000C70000093F10000E8
:100A9000E6C20000FC1C0000C8B60000A8C10000AF
:100AA00010C500000FC600000EC70000341400007F
:100AB0001B30000047C3000046C2000045C10000D3
:100AC00044C0000043C5000042C6000041C700000A
:100AD000060E0000EFFF0000001C0000C036000002
:100AE000001600008170000000800000010000007E
:100AF0001F0900009E010000DB7800000F78000055
:100B000042C0000004C0000005C1000006C2000091
:100B100007C3000043C5000041C70000E20D00000C
:100B2000EFFF0000001C0000C0360000A8C000005D
:100B3000041400001B340000C6C60000E07800006A
:100B4000C3410000008000004D0400002089000027
:100B50008C200000C38F0000CA200000410000006C
:100B6000001E00000470000008900000E801000072
:100B7000E07E0000E0780000C3400000008000003C
:100B80004E040000E07F0000001800004300000059
:100B9000C3400000008000004F040000E07F000020
:100BA0000018000043000000C34100000080000066
:100BB0004D040000208900008C200000C38F00003D
:100BC000CA20000041000000001E00000470000068
:100BD00008900000E6010000E07E0000E0780000E0
:100BE000E4C20000FC1C0000C8B60000A6C1000062
:100BF00044C100002C70000045C2000008460000FF
:100C000042C00000AD700000DB43000000000000A7
:100C100000100000FFD8000090B900004C720000E6
:100C20006C7400000C1C00004134000041C5000041
:100C3000560D0000EFFF0000001C0000C036000051
:100C40002C700000FFD8000090B900004C7200002A
:100C50006C72000043C5000042C6000041C50000A0
:100C60003E0D0000EFFF0000001C0000C036000039
:100C700004C000002C7000004C73000041C0000054
:100C800005C000006C72000043C5000040C00000B9
:100C9000FFD80000260D0000EFFF000042C6000054
:100CA000FFD800002C7000004C75000040DB0000F5
:100CB00043C5000042C5000041C50000120D000000
:100CC000EFFF000040C50000A6C0000004140000B3
:100CD0001B340000C4C60000E4C00000C342000092
:100CE0000080000048040000638A0000A48A00001D
:100CF0007B7A000010F00000F42000008C0000005F
:100D0000657400003C6400008E7C000048240000F4
:100D10000C10000080B6000044710000F10B0000D0
:100D200074910000142000008E0000006471000027
:100D3000F70D0000E59000006D700000C4C40000D5
:100D4000E6C20000FC1C0000C8B60000A6C10000FE
:100D500043C10000C34100000080000048040000BF
:100D600041C0000002890000C1890000CB4700009B
:100D700000000000C0FF000042C000000389000026
:100D800040C200005F2000004B0200003DF0000068
:100D900001C30000D47B0000760F0000200000009B
:100DA0000093000000C100004A260000003000004F
:100DB0001961000044280000000800002E7900009E
:100DC000482100000D000000BB7A0000E47A00001A
:100DD000532500000111000044C00000442600001B
:100DE000401000004579000082B8000020B30000E8
:100DF00045C000001FF0000004C0000003C3000055
:100E000004250000811F000000000000E07F0000BA
:100E10005E2000000208000000C000001423000053
:100E2000C302000058600000022000005B000000C8
:100E30002A0F0000200000000093000063700000F3
:100E40000E78000048200000000000001B79000020
:100E5000E4790000C4B800002578000000B3000069
:100E6000402600005E3000006571000005C00000F3
:100E7000C50E000004B00000C571000002C00000F3
:100E80008908000085830000A6C00000041400004B
:100E90001B340000C6C60000E2C00000CB440000C6
:100EA0000E9000004C00000060940000419400008F
:100EB0001A220000810F0000010000000000000065
:100EC0006579000009E800001A230000830F000084
:100ED00000800000000000003D790000257B00003C
:100EE00009F000000FDB000061BB0000010B0000F7
:100EF000310000005D7A00003B7900000521000010
:100F0000830000004F2400000113000080910000C6
:100F1000419100001A2200008D0F00000100000026
:100F200000000000857D000007E800001A24000092
:100F3000821F00000080000000000000BD7800005B
:100F400007F000000FD8000061B8000001080000A1
:100F5000310000005D7A0000BB780000C341000052
:100F60000F9000004CFE0000057A000060B1000008
:100F70006040000010DB000061BB0000010B0000BE
:100F8000310000001D78000001B10000C3410000E5
:100F90000F9000004CF0000040B100004040000005
:100FA00010DA000061BA0000FF0A00003180000082
:100FB0001D78000001B10000C2C40000E07800000C
:100FC000F1C00000A4C100000C7000008E0A0000F7
:100FD000EFFF0000FFD900000C70000043C00000CC
:100FE00042C0000041C000005AD8000040C00000CC
:100FF000FFD8000080D900000ADA0000720B000060
:10100000EFFF000020DB00000C7000002A0B000046
:10101000EFFF00002C710000A4C00000D1C0000050
:10102000E07E0000E078000014700000C0200000A6
:10103000E90F0000E07F00008428000001000000AC
:10104000E6C20000FC1C0000C8B6000082240000BC
:101050000A350000260D0000200000002C71000061
:10106000001600009B7000000080000004000000DB
:1010700041C0000000240000803F0000000000008C
:10108000380200002C700000F60C0000E0000000A8
:101090005ADA000000240000803F00000000000039
:1010A00084010000EA0C0000E0000000B4DA000057
:1010B000BE0C0000A00000008A200000040B00000D
:1010C0008E0B0000A000000042C000002C70000049
:1010D000001E00004470000003900000C4FE0000E9
:1010E00008CA000013F00000404300004421000043
:1010F000C207000006EA000061BA0000010A000011
:10110000310000007B7B0000416900009A21000053
:101110000800000005210000810F0000039000007E
:10112000C4E0000060B1000040410000E10900009F
:10113000348200004C71000080D900008EB900009C
:10114000001E0000447000000390000004E0000056
:101150001A230000813F0000200000000000000072
:1011600007DD0000167D000005210000820F000051
:101170000390000086FE000005210000810F0000A2
:10118000029000008600000020910000A0B900003D
:101190004A0A00006000000020B200008C2000001D
:1011A000038F00003FD9000043F6000044280000F0
:1011B0000101000001C000001A2300009B3F000055
:1011C00010000000000000001B7800005520000007
:1011D000000D000005200000800F000003900000BB
:1011E00000FE00000C1C0000C036000020B0000013
:1011F000C34100000390000024E00000A0B1000003
:101200008A200000C4030000AD7000000C1900002B
:1012100045000000FE1900000480000091F000006D
:1012200001C0000055200000C108000003C00000FC
:10123000257800001B78000005200000800F0000CA
:101240000390000000FE0000A0B000000FD80000D6
:10125000DA0B0000200000000FD90000CB46000090
:101260000390000064FE00005A0900002001000005
:10127000001E0000051000005209000000010000DF
:1012800066080000E000000002C000000C710000D1
:101290007E080000E00100008A210000C70F000066
:1012A00020D80000DE090000EFFF00002C710000D4
:1012B00087C000002C700000B60A0000A0010000EA
:1012C0004C7100000FD800009E0B000020000000B1
:1012D0000FD900007FD80000220900002001000083
:1012E00000B600001E0900000001000032080000E6
:1012F000E000000002C000000C7300004A0800007B
:10130000E00100008A210000C70F000020D8000083
:10131000A6090000EFFF00002C710000552400001A
:10132000003D00002C7000007E0A0000A0010000BB
:101330004C710000C3400000008000004804000021
:10134000638800005F230000400200003BF00000C3
:1013500084C000002C7000008E0B0000E000000034
:1013600009DA000000C70000CD7000002EF0000078
:10137000FB78000084200000870F000087C1000078
:10138000352100001E00000055240000013D000032
:10139000352100000B0000005F23000041320000F7
:1013A0000223000080170000482000000200000017
:1013B00084C00000D860000040A8000000240000A5
:1013C000803F00000000000038020000386000008C
:1013D000D8600000208800004F7C00002109000038
:1013E000050300005F2300008134000040A80000D6
:1013F00000240000803F0000000000008401000085
:101400003860000000260000C1320000D4780000DF
:101410003D79000020B00000C5710000E5710000BA
:10142000A90E00001492000000C0000064710000CA
:1014300009E0000040C00000C34000000080000040
:1014400048040000048800006F790000850800004F
:101450006580000038430000A57400009FE500008F
:10146000E0060000C5FF0000C3400000008000004F
:1014700048040000E388000047F000005F260000F9
:101480004012000000240000813F00000000000026
:10149000380200005F2600009B14000040C00000DE
:1014A000386000002088000028A800000024000008
:1014B000803F000000000000840100006370000015
:1014C0002090000028B0000030F00000AF7900004C
:1014D0003A0A0000A0010000C14000002BE8000013
:1014E00000C0000000240000813F00000000000058
:1014F00038020000C142000038600000A86000000F
:10150000C34100003E00000002000000520E000037
:10151000AFFF0000A1430000A14300001A26000015
:10152000801F000000000000002000009A2300003F
:101530000800000000240000823F000000000000BE
:101540008401000063720000F422000041030000E7
:10155000057B0000C34000000290000080000000F6
:10156000052300000C00000020B400004220000011
:1015700000080000057B0000F4220000400300008A
:1015800000B30000A5710000A30D000054920000FC
:10159000E5710000C3400000008000004804000026
:1015A00004880000EF7E00006B080000A5830000A7
:1015B000AD700000802400000A3500000414000013
:1015C0001B340000C6C60000001600008370000037
:1015D00000800000F8030000E0BB0000E07C000099
:1015E0001105000080010000F1C000004043000030
:1015F000001600008270000000800000F803000068
:101600001D0A00003E000000A4C1000042C000000E
:1016100040C10000FFD800002C7000004C73000097
:101620000C1C000001300000360A0000EFFF000033
:10163000041C000081300000A4C00000D1C00000E4
:10164000E07E0000E07800000016000083700000DB
:1016500000800000F8030000E0BB0000E07C000018
:1016600046220000020E000044230000030E00008A
:10167000C9040000A0010000657A0000E0780000C5
:10168000F1C000004043000000160000827000001E
:1016900000800000F8030000270A00003E00000060
:1016A000A4C1000042C0000046210000010E00005D
:1016B00044220000000E00002578000040C0000019
:1016C000FFD800002C7000004C7300000C1C0000C0
:1016D00001300000E2090000EFFF0000041C0000E0
:1016E00081300000A4C00000D1C00000E07E0000F6
:1016F000E2C20000FC1C0000C8B600001843000055
:1017000000160000807000000080000067000000EC
:10171000610800001E010000CB45000000800000B1
:10172000CC060000110B00001030000004950000F2
:10173000221A00001C300000ACB8000003F00000CA
:1017400022CC000004B500000016000081700000EB
:1017500000800000F80300001F0900001E000000C8
:10176000170B00001030000002950000211A000045
:101770001C30000046200000020E00004421000042
:10178000000E00004578000002F0000021CC0000AF
:1017900002B50000A14000002C700000AE0800005F
:1017A000A0020000EBDA0000429500002195000045
:1017B0000D0B000030300000009500004A0F0000C3
:1017C000CFFF000004F00000020F0000CFFF000078
:1017D000041400001B340000C2C60000E0780000C2
:1017E000E4C20000FC1C0000C8B600003843000042
:1017F000C2080000200000000A260000003000009F
:10180000B1080000300000000C7100000846000024
:1018100044260000C037000005E8000061B8000061
:10182000FF08000031800000DB7E0000CB45000097
:1018300000800000CC060000C341000000800000D2
:10184000F6030000350B0000303000000595000065
:1018500004200000800F000000000000FFEF0000E7
:1018600005B50000008900002F0800001E000000E0
:1018700000950000201A00001C3000000420000029
:10188000820F0000000000008BEF000000910000BC
:1018900004200000800F0000000000007410000011
:1018A0004578000008F000008CB8000005B5000085
:1018B000008900000B0800001E00000020CC000082
:1018C00000B50000A1400000520B0000E001000044
:1018D0000A21000080070000CF780000A14100002D
:1018E0004C7100001E0B00006002000040DB000095
:1018F000001600000071000000800000F6030000E8
:10190000230B0000103000002D0800001E00000016
:101910002095000004200000800F0000000000005F
:10192000741000004295000004210000810F0000A7
:10193000000000008BEF00002578000021950000DA
:1019400006F00000110800001E0000004295000093
:101950002195000000950000560B0000800100005A
:10196000041400001B340000C4C60000E07800002E
:1019700061D900009FB90000071100008004000039
:10198000E3B800000C700000E07D00000091000052
:101990000CD9000061B90000FF090000318000008F
:1019A0001D780000E07F0000C0B80000E078000073
:1019B00061D900009FB900000711000080040000F9
:1019C000E3B800000C700000E07D000020910000F2
:1019D0000C710000EBB90000E07D00002040000029
:1019E0000AD9000061B90000FF0900003180000041
:1019F0001D780000E07F0000C0B80000E078000023
:101A000017090000F00300008A220000C70F000041
:101A10004C710000C4B9000005E9000061B9000084
:101A2000FF090000318000005B7A00001A200000EE
:101A3000800F0000000000000020000005200000D2
:101A4000810F0000029000006A0100004F22000098
:101A500040020000001900000500000040B1000035
:101A600000B1000040B10000E07F0000001900005C
:101A700005000000E07800000D0800007200000082
:101A80002C700000FF4800008429000001000000C5
:101A9000E07F00002E780000F1C00000004200004E
:101AA0009E0D000020000000204000005B79000037
:101AB0004421000081010000C4B9000006E90000D3
:101AC00061B9000001090000310000001D7800002C
:101AD000D1C00000E07F0000C1B80000E078000045
:101AE000F1C000006A0F0000CFFF000009E800000D
:101AF000C340000000800000CC0600002C710000F4
:101B0000FA0E00006002000040DA0000001E000033
:101B1000057200000F90000022E00000D1C000001C
:101B2000E07E0000E0780000E4C30000A4C10000F3
:101B3000220F0000EFFF00000043000079200000AA
:101B4000000000001B7A00005B7A0000360F0000E6
:101B5000EFFF000008E20000A5EB000025E8000010
:101B600068DD00009FBD000000950000CD70000002
:101B7000C341000000800000CC060000EBB800006C
:101B8000C5220000A2040000001E000084700000B6
:101B90000F90000022E0000080C000000EDA00007C
:101BA000560F0000A00000008BBE00000095000052
:101BB0002C71000040DA0000EBB800008A20000021
:101BC00010000000CA26000001100000834300003E
:101BD00005930000057E000080C000008E0E00000E
:101BE00060020000C5B30000C4C70000001E000072
:101BF000847000000F90000022E00000C4C70000C5
:101C000032200000800F000000800000DC06000091
:101C1000E07F00007820000000000000E078000075
:101C2000E1C30000E1C20000E1C10000E1C000002A
:101C3000F1C00000A1C100002042000084C10000EA
:101C400040C100000016000081700000008000000C
:101C5000180000000F080000640000004040000071
:101C6000560A0000E001000000C100008774000077
:101C7000D1C00000E07F0000A4C00000E0780000B8
:101C80001D7900006C210000020100006C200000A2
:101C900041010000227800001A620000E07F00008D
:101CA0004E780000E0780000E4C20000060B00005F
:101CB00080000000CB46000004900000C00000003F
:101CC000001E00008510000000160000807000005B
:101CD0000080000001000000C3410000030000007C
:101CE000400D0000442000008D8000008A2000008C
:101CF0001F0400009E0E000060000000CA200000CB
:101D000041000000260B0000A00000001D7800002C
:101D1000B5700000C34100000700000020A10000D2
:101D2000C34000000000000088130000CA2000002B
:101D3000410000007E0E000060000000001E000058
:101D4000C5100000060B0000A00000001D78000078
:101D5000001600008070000000800000F903000001
:101D6000090800001F000000001E000045100000D0
:101D7000C4C60000E0780000F1C00000A5C100006A
:101D80000043000080C000002C700000760E0000B0
:101D9000A000000014DA00001A230000800F0000E9
:101DA000100000000000000080C100004C71000025
:101DB000EA0C00006001000085B80000C34100008B
:101DC000F6000000000000002E0F0000EFFF0000F2
:101DD0000C7500000C7000002C710000CA0A000095
:101DE000AFFF000080C20000A5C00000D1C000000D
:101DF000E07E0000E0780000E6C20000FC1C00006D
:101E0000C8B6000082240000023D000048470000E0
:101E1000384300000843000080C000002C70000020
:101E20002A0E0000A0000000B4DA0000250B00001C
:101E3000B11000000C750000C3410000F20000006A
:101E400001000000F20E0000EFFF00006042000001
:101E500080C000002C700000E60C00006001000053
:101E60004C7100000C70000009D9000036F0000031
:101E70001A2300009B3F000010000000000000003B
:101E80001B0B0000301000000C750000C341000067
:101E9000F400000001000000C60E0000EFFF00008B
:101EA0006042000009DD0000C0DE0000D0D8000064
:101EB0000AF00000C3410000F30000000100000030
:101EC000B20E0000EFFF000060420000AD720000A3
:101ED0008CDE000080D80000F860000005200000C3
:101EE000C006000080C100004E0C00006001000030
:101EF0004C7200000C7000002C7200003A0A0000C6
:101F0000AFFF000080C2000080C000002C70000005
:101F1000B20D0000A0000000B4DA0000FE66000070
:101F200005260000C016000080C100002E0C000035
:101F300060010000A14200000C710000A1410000FE
:101F4000160A0000AFFF000080C2000080240000DD
:101F5000023D0000041400001B340000C6C600004F
:101F6000E2C3000082240000023D0000284500007A
:101F70000043000080C000002C7000007E0D0000B7
:101F8000A0000000B4DA000054230000000D00009F
:101F900080C10000FA0B00006001000009DA0000B7
:101FA0000C750000C3410000F500000001000000B6
:101FB0003A0E0000EFFF0000A14200000C7000008C
:101FC00009D90000D6090000AFFF000080C2000060
:101FD000C2C70000E0780000F1C0000082240000C9
:101FE000023D000080C000002C700000460D000083
:101FF000A0000000B4DA0000C3410000F7000000B8
:1020000000000000120E0000EFFF00000C75000041
:1020100040D8000080C10000B60B00006001000045
:1020200009DA00000C70000009D90000A2090000C4
:10203000AFFF000080C2000080240000023D0000CD
:10204000D1C00000E07E0000E07E0000E0780000EB
:10205000E6C20000FC1C0000C8B60000CB46000031
:1020600004900000E001000020960000001600002F
:102070009B7000000080000004000000AD700000B4
:102080005F2300000031000044200000C207000070
:102090002040000006EA000061BA0000010A0000CA
:1020A000310000001D780000C3B800000F080000D8
:1020B00070000000A1C100000708000090010000AE
:1020C000AD7100000C7000009A090000A000000033
:1020D00040D90000CB4700000590000012E100004D
:1020E000DE1F000055100000A61F000055900000E4
:1020F000B61600000091000040C0000037ED00005F
:1021000000C000006B080000BF030000AD700000BD
:1021100000C000001CD9000084200000070C000053
:1021200040C000008FB8000000B700000C70000035
:102130008EBD000066090000A0000000F61F000030
:1021400005920000C34000000F0000004042000064
:102150002C70000056090000A0000000F61F0000CF
:1021600045920000BE16000000910000F01F000024
:1021700045900000F61F0000059200009A20000024
:102180000800000000C100001A2300009B3F00006F
:10219000200000000000000004200000800F00006C
:1021A00000000000003E0000057900004F250000FF
:1021B000C013000020B700002578000005230000B0
:1021C000813F0000139000000CE4000000B100000B
:1021D00005F00000F61F000005920000F01F00004F
:1021E000459000000C710000001E0000047000000B
:1021F0001390000050E000008774000004140000F9
:102200001B340000C6C60000E4C20000A4C10000E8
:10221000084600002C700000FFD800004C7500003C
:1022200008DB00002845000043C1000042C1000057
:1022300041C10000560A0000AFFF000040C100008D
:102240000C7000008CB800000CD9000040C00000E9
:10225000FFD8000090B900004C7100006C740000C1
:1022600043C5000042C600003A0A0000AFFF00006C
:1022700041C50000A4C00000C4C60000E078000012
:10228000F1C00000A4C1000042C000000C700000BA
:102290000CDB00008CB800006041000040C0000072
:1022A000FFD8000090B900004C7100000C1C000029
:1022B00001300000160A0000AFFF0000041C0000FF
:1022C00001300000A4C00000D1C00000E07E00008A
:1022D000E2C20000CB4500000490000006000000B0
:1022E00020D8000036080000A0000000001D0000FB
:1022F00045100000001D000005100000C2C60000CF
:10230000E6C20000FC1C0000C8B60000DE080000A9
:10231000AFFF0000A4C100000C700000E608000040
:10232000AFFF0000FFD90000AD700000FFD8000033
:102330002C7000004C75000007DB000043C5000056
:1023400042C5000041C50000CA090000AFFF0000FF
:1023500040C50000CD7000006F7300004CF000001D
:1023600000160000807000000080000010000000D7
:102370008B0800006E0300000C7100004425000073
:10238000C117000006E9000061B900000109000062
:10239000310000001B7800000F7F000000160000D5
:1023A0000171000000800000D2060000FFD800008C
:1023B0004C73000040C100002C70000090B9000078
:1023C0006C72000043C6000042C70000660B0000AC
:1023D000AFFF0000041C0000C03600000016000023
:1023E0000071000000800000D20600002C70000088
:1023F0004C73000040C00000FFD800006C72000069
:1024000043C6000042C70000460B0000AFFF0000BB
:10241000041C0000C036000000160000007100001F
:1024200000800000D20600002C70000090B900006F
:1024300040C00000FFD800004C73000028DB000003
:1024400043C6000042C70000260B0000AFFF00009B
:10245000041C0000C0360000FFD800002C700000F3
:102460004C75000028DB000043C6000042C7000096
:10247000041C0000C133000032090000AFFF00005F
:1024800040C60000A57100006D0D000034910000F1
:102490000C70000043C0000042C0000041C00000BA
:1024A00040C00000FFD8000080D900004C7500003B
:1024B00016090000AFFF00006C7400000C700000F3
:1024C000CE080000AFFF00002C7100005A0B000086
:1024D0008FFF0000620B00008FFF00000C700000F7
:1024E00002080000AFFF0000FFD90000B60D000099
:1024F000600100000C710000A4C000000414000082
:102500001B340000C6C60000E6C20000CB45000038
:1025100004900000C6010000C0950000CBBE000082
:102520004F260000CF12000005260000801F00008B
:1025300000000000000C0000E0B5000000B5000045
:10254000060F0000600000000AD80000E0B500009F
:1025500001950000C0B50000C9B80000C6C6000063
:10256000F1C00000960E00006FFF00002043000045
:1025700000410000D20E00006FFF0000604000002C
:1025800038600000D1C00000E07F00000F7800003C
:10259000E2C200000043000040400000D20E0000F4
:1025A0006FFF00002843000008450000720E000085
:1025B0006FFF00006040000000410000AE0E000010
:1025C0006FFF000061400000B86000000F7800005D
:1025D000C2C60000E0780000147000000016000081
:1025E000807000000080000004000000C341000073
:1025F0000490000068010000C221000022020000D7
:102600001A200000800F00002000000000000000E1
:1026100005790000E07F000000910000E0780000F4
:10262000E6C20000001600000D71000004900000DA
:10263000C6010000CB47000005900000C6E1000085
:102640000AD80000C9BD00004F250000CE120000CE
:102650007E0E000060000000C0B7000005250000ED
:10266000801F000000000000000C000000B7000008
:102670006E0E0000600000000AD800000AD80000BA
:10268000660E000060000000C0B7000000160000E9
:102690000071000002900000C8010000A0B7000017
:1026A000C9B80000C6C60000001600000071000096
:1026B000008000002200000014700000E07D000097
:1026C00000160000007100000490000008000000E7
:1026D000E07E0000E0780000E6C20000C343000096
:1026E0000080000048040000008B0000DA090000B0
:1026F000EFFF00002C710000001600008F7000003A
:102700000080000004000000021300008B000000A5
:10271000A18B00001A2700008F1F0000100000008E
:10272000000000000A26000000300000CD77000005
:102730001BF00000BD7B000044250000411000009C
:1027400056090000600000006F78000014E80000E7
:102750001A230000830F000000000000001000009A
:102760009A210000040000005526000000380000F7
:10277000E578000065780000057900003B780000EE
:1027800091B800009CB800009FB8000000900000C5
:10279000082000008E030000A5710000CF0B000090
:1027A00065930000C140000008D9000061B9000035
:1027B000FF090000318000001C780000CF79000084
:1027C0007921000001000000386000000472000060
:1027D000C6C60000E078000060D800009FB8000086
:1027E00020900000C1060000EFFF0000FE10000076
:1027F00000810000E078000062D800009FB800006F
:1028000040900000FE10000001810000C50600009D
:10281000EFFF0000FC10000000810000E0780000E5
:10282000E6C20000FC1C0000C8B60000A5C1000004
:1028300028450000C341000000800000CC060000D5
:10284000E3910000130D0000B010000044C0000030
:10285000042700008F1F0000FFFF0000F8E70000C2
:1028600082BF0000C49100000C7000003E0E00000A
:102870006FFF00002C700000001200008330000089
:102880006F700000FFD800002C7000004C75000035
:102890000C1C0000C0360000081C0000C036000000
:1028A000041C0000C03600001A0F00006FFF00007B
:1028B000001C0000C0360000B5700000CF260000EC
:1028C000A11200001BF2000004C000002C700000E8
:1028D0004C73000042C00000FFD8000010DB000075
:1028E0000C1C0000C0360000041C00000131000078
:1028F000D2080000AFFF000040C6000004C0000086
:102900002C7000004C73000042C00000FFD8000093
:1029100020DB00000C1C0000C0360000041C00007E
:10292000C130000040C7000019F0000004C00000E2
:102930002C7000004C73000042C00000FFD8000063
:1029400020DB00000C1C0000C0360000041C00004E
:10295000C1300000A2080000AFFF000040C7000027
:1029600004C000000C1C0000C0360000041C000065
:102970000131000042C0000040C60000FFD8000046
:102980002C7000004C73000010DB00008608000073
:102990008FFF00002C700000FFD800004C75000075
:1029A00032DB00000C1C0000013400002845000050
:1029B00042C1000041C10000920E00006FFF000004
:1029C00040C10000FFD8000080D900004C75000015
:1029D0006C74000043C5000042C5000041C5000002
:1029E0007E0E00006FFF000040C500000C7000006C
:1029F000360E00006FFF00002C710000A5C0000023
:102A0000041400001B340000C6C60000E07800007B
:102A1000E4C00000084500009A25000008100000EE
:102A2000CB4400000E900000480000000525000087
:102A30000E13000020B60000226C000005250000E7
:102A40004C1000002472000040B400000525000076
:102A50004210000060B200006269000002C1000084
:102A6000657D00000F080000F103000020B50000A4
:102A70008A200000C70F000005F000007C13000052
:102A8000010100000F210000000000007C1B00007D
:102A900004000000C4C40000CB4400000E900000FD
:102AA000C2000000021C00001410000020B400004E
:102AB00041B40000E07F000062B40000E078000054
:102AC000E6C20000FC1C0000C8B60000084600007A
:102AD00008CA00005843000008DA0000167A000017
:102AE000C34000000390000024E0000040B000005C
:102AF0008A220000C70F00000C18000045000000EB
:102B0000FE18000084800000C34000000080000028
:102B10004804000064880000C340000000800000FA
:102B20004804000083880000E0860000AD710000CA
:102B300022F000001A240000821F000000000000A4
:102B400000200000F42100000B030000052200001B
:102B5000800F0000029000006410000000180000C8
:102B6000C402000005220000820F00000290000055
:102B700004000000170B000030300000F4210000BA
:102B80000003000015080000840F00000000000092
:102B900000FC000020D8000006F000008C2000009F
:102BA00010800000BDF700008A2000000808000027
:102BB00000B2000085710000BF0B0000058300001B
:102BC000AE0C0000800000000B0B00003030000055
:102BD000298600000C73000002F000000C71000058
:102BE000D60B000040010000C4BF000006EF00004B
:102BF00061BF0000010F000031100000BB7D00002C
:102C0000ED70000007860000750F00002310000023
:102C1000AF7800005E0B0000C00100000FD800007C
:102C2000F20E0000AFFF00000FD900000C70000092
:102C3000160D00006FFF00002C710000C340000063
:102C4000008000004804000024880000C340000009
:102C50000080000048040000438800006D710000FF
:102C60001FF00000D20F0000AFFF00004F780000FF
:102C70001AE800001A2200008C0F0000000000007B
:102C8000002000006C7000000C7000000DF00000CF
:102C90009A20000008000000857800000520000050
:102CA000800F00000290000066010000009000000C
:102CB0001B6300000A20000080070000ED080000F0
:102CC00034820000402000005E00000074700000AC
:102CD000CA2300002110000044710000C709000051
:102CE00085800000930B000030900000E57100002B
:102CF0000B0B000030300000588E000002860000F0
:102D000002F00000018600008E0D0000200100008E
:102D10002C710000041400001B340000C6C6000023
:102D20009A210000100000001B7800000520000020
:102D3000800F00000390000064E0000045210000C7
:102D4000C1070000ED030000A000000020B000005B
:102D50004C70000005F000000019000005000000A4
:102D600044710000FD0A0000F481000014200000FE
:102D7000810000005EDA00009FBA0000021200002D
:102D80000105000020B00000021200000105000053
:102D900021B00000021200000105000022B0000076
:102DA000021200000105000023B000002092000084
:102DB00024B000002192000025B000002292000003
:102DC000E07F000026B00000F1C00000ABC10000B1
:102DD00080C00000C3410000008000009F0600008A
:102DE000920900006FFF00002ADA000080C0000096
:102DF000E60D0000200200002AD90000F20C0000BD
:102E0000CFFF0000FE0C0000EFFF00000A260000CC
:102E10000030000000410000AE080000600100002A
:102E20000A200000800700000C700000001E000057
:102E3000047000000390000054E100000C710000D9
:102E4000001E0000047000000390000068FF0000F6
:102E50002E0C0000CFFF000053200000C100000036
:102E6000011A0000423000001D7900003D79000089
:102E70003D7900003D790000C3B90000021A00004E
:102E80004230000008D9000061B9000001090000CB
:102E9000310000001D780000C1B800001E0B0000CA
:102EA00060010000061A0000023000001E0A000047
:102EB00000000000DE0F000000010000ABC00000B9
:102EC000D1C00000E07E0000E2C30000BDC10000F0
:102ED0000845000080C00000C341000000800000E1
:102EE00016050000120900006FFF000072DA0000F2
:102EF00080C00000660D00002002000072D90000B2
:102F000007ED00008A200000070C0000001E0000F2
:102F10000470000003900000C4E80000C2C7000075
:102F2000E6C20000FC1C0000C8B60000A7C10000FB
:102F3000660C0000EFFF000008450000520C000086
:102F4000EFFF000046C00000CA0B0000EFFF0000CA
:102F500044C0000045C00000C34000000000000065
:102F600010270000A60A0000600000002C7400007A
:102F70000C700000BA0A00006FFF00001FD90000AB
:102F800000120000833000002C700000FFD8000009
:102F90004C7500002846000043C1000042C10000FB
:102FA00041C100009E0B00006FFF000040C1000007
:102FB000FE0D00006FFF0000FFD80000ED70000064
:102FC0008EBF0000FFD80000E14100004C750000FA
:102FD0006C74000043C6000042C5000041C60000FA
:102FE0007E0B00006FFF000040C600000C71000067
:102FF00043C000004F27000081120000FFD80000EE
:103000004C7000007CDB000042C5000041C600009F
:1030100040C60000660B00006FFF00003843000050
:103020000C7100002C70000041C00000FFD80000AF
:1030300090B900004C7200000C1C0000C130000070
:1030400042C50000001C0000803F0000000000009E
:1030500000100000460B00006FFF00006C740000C1
:10306000FFD80000634100004C72000043C600001E
:1030700042C5000041C60000001C0000803F000067
:1030800000000000001000002A0B00006FFF00008D
:103090006C7400000C71000041C00000FFD80000FB
:1030A000634100004C72000043C6000042C50000AE
:1030B000001C0000803F0000000000000010000025
:1030C0000E0B00006FFF00006C7400000C7100001C
:1030D0002C70000043C0000041C00000FFD8000079
:1030E00090B900004C72000042C50000001C0000B6
:1030F000803F00000000000000100000F20A000005
:103100006FFF00006C74000006C000004C750000EA
:1031100043C6000044200000410000003860000069
:1031200020E000000F7B0000FFD800002C700000A2
:1031300042C6000041C60000D20A00006FFF000036
:1031400040C60000A2080000EFFF0000A140000000
:10315000FFD80000634100004C71000043C600002E
:1031600042C5000041C60000001C0000803F000076
:103170000000000000100000B20A00006FFF000015
:103180006C7400000C71000041C00000FFD800000A
:10319000634100004C71000043C6000042C50000BE
:1031A000001C0000803F0000000000000010000034
:1031B000960A00006FFF00006C7400002A080000EF
:1031C000EFFF0000A140000005C1000004C00000A6
:1031D0004C75000043C600001420000041000000B0
:1031E00054210000800C0000C0B8000038600000CE
:1031F00054200000800C00000F7B0000FFD800006E
:103200002C70000042C6000041C600006A0A00009F
:103210006FFF000040C60000FB790000FFD80000EF
:103220004C7500006C7200000C1C0000C1300000E6
:1032300042C6000041C60000520A00006FFF0000B5
:1032400040C60000FFD800002C7000004C75000044
:1032500040DB000043C6000042C6000041C600003B
:103260003E0A00006FFF000040C600008A200000F8
:103270001000000040C00000FFD800002C700000CB
:103280004C7600001ADB000043C6000042C5000077
:10329000260A00006FFF000041C60000560C000027
:1032A0006FFF0000FFD80000FFD8000080D90000A9
:1032B0004C7500006C74000043C6000042C600005C
:1032C00041C600000E0A00006FFF000040C600006B
:1032D000A7C00000041400001B340000C6C6000094
:1032E000E6C20000FC1C0000C8B60000001600008A
:1032F0000171000004900000E001000000160000D1
:103300008270000000800000040000005F220000C6
:103310000001000044200000C3070000204000001E
:1033200005EB000061BB0000FF0B000031800000D6
:103330001D780000C3B800000B08000090010000D9
:10334000770800007100000018DF0000CB46000085
:103350000490000016010000081E000094100000F8
:10336000AD710000021E00005510000029D80000B9
:10337000A0B600006C1E0000051200006C1E0000CC
:10338000041000002C700000C340000098000000F2
:103390008096000028430000F21E000044900000C8
:1033A0002E08000060000000661E000044100000AF
:1033B000A9D800006C1E0000041000008A20000044
:1033C000460A00006C1E0000041000008A20000065
:1033D000440A00006C1E0000041000006C1E000077
:1033E00004100000C3400000000000000060000066
:1033F000721E00005C930000D01E00004493000089
:10340000721E0000DD900000A20F000020000000EE
:10341000D01E0000C4920000721E00005C930000E9
:10342000721E0000DC92000046F00000CB45000058
:103430000490000016010000081D00009410000018
:10344000CD710000021D0000551000004A2300004D
:10345000001200002C7000008BBF0000C340000071
:103460000F00000040420000C0B500006C1D0000CD
:10347000C41200000A26000040300000F21D0000C7
:1034800044900000661D0000441000006C1D000008
:10349000C4130000B60F0000200000001843000015
:1034A00070BF00002F200000C20600002C7000003A
:1034B000A60F0000200000006C1D0000C4130000D7
:1034C000C340000098000000809600002C700000AF
:1034D000960F0000200000006C1D0000C4120000C8
:1034E00088D800006C1D000004100000C3400000DC
:1034F00000000000006000006C1D0000C41200000D
:103500006C1D000084170000721D00009C930000D9
:10351000D01D000084930000721D0000DD900000AB
:10352000160F000020000000D01D0000849700004E
:10353000721D00009C930000721D00009C9700000B
:103540000C7000005E0F00002000000020D9000079
:10355000AE080000CFFF0000CB4600000490000042
:1035600058000000A09600000016000082700000C5
:1035700000800000F9030000C3B800002308000029
:10358000300200007ED900000F0800005003000048
:1035900013080000B10200008A210000870F00001C
:1035A00007F00000C341000000000000FE0F000013
:1035B00003F000008A2100009F0F0000310A000084
:1035C0001E01000000160000807000000080000056
:1035D0000400000012E80000CB4700000490000047
:1035E000F001000020D8000020B60000B20E00005C
:1035F00020000000001F00000510000020D800007F
:10360000A60E000020000000001F00004510000072
:10361000A0B600000FF00000CB45000004900000B1
:10362000F001000020D80000920E000020000000F1
:10363000001D00000510000020D800008A0E0000C8
:1036400020000000001D000045100000CB450000D8
:1036500004900000F00100000C7400007A0E0000DD
:1036600020000000001D0000051000000A1D0000E1
:103670009D900000041400001B340000C6C600002A
:10368000F1C000000A0A000040000000D1C00000A4
:10369000E07F00000C700000E6C000000016000093
:1036A0008370000000800000130000000B7B00000E
:1036B0006C70000048F20000E092000040DE000064
:1036C000FB7D000004270000831F000000000000B5
:1036D00007D60000442500000C1400002F23000032
:1036E000C2130000657C00004423000003120000A8
:1036F000A47E0000857B0000657E0000442300005E
:1037000003180000C57B00008425000004100000A1
:10371000657D00005F270000031100008423000086
:1037200002100000FD7F000005250000CC12000003
:1037300004230000830F00000000000000200000B0
:10374000FD7F0000657C000004270000831F00004F
:103750000000000000080000657C00006089000097
:103760007B7E00006C2300004F0000004426000018
:103770008D100000E57D00007D7F000044270000E3
:1037800043100000A57B0000001600008D700000B3
:10379000008000006C000000E94300000B7D000089
:1037A00009F40000442600000D120000442300002C
:1037B0000011000084230000C30C0000A578000065
:1037C000057B000060A900006C71000080B2000061
:1037D00060400000C6C40000E6C20000FC1C0000FF
:1037E000C8B60000C340000008900000E8010000D7
:1037F0002090000059200000400F000024770000B6
:10380000307900003B790000552100000D0C0000CC
:10381000052100000E000000057D000000160000DC
:103820001B110000E09500000209000020000000CC
:1038300096D800001D7800001D7800001D7800005B
:103840001D7800002268000004710000E0B800004C
:10385000CA210000010000002F780000C3410000D1
:103860000000000000FF0000042300005B300000A7
:1038700005200000C0060000E479000000B600004A
:1038800045210000C003000000B500000414000042
:103890001B340000C6C60000E6C20000FC1C00008D
:1038A000C8B60000A5C10000042100008F0F000071
:1038B00000000000F8E7000044C2000008460000D5
:1038C00042C0000082BF0000FFD800002C70000042
:1038D0004C73000078430000AD7000000C1C000029
:1038E00001300000041C0000C1300000FA0E00008E
:1038F0002FFF000040C700000EF0000041C0000094
:1039000004C000002C70000016DA000040C0000067
:10391000FFD80000634300000C1C000001300000D1
:10392000DE0E00002FFF000042C60000A57100005F
:10393000E70D000034910000AF7800000016000091
:1039400080700000008000000100000047080000B7
:10395000BE010000DB7800000F7E0000FFD80000F1
:103960002C7000004C73000063430000AD70000039
:103970000C1C000001300000041C0000C1300000DD
:1039800040C70000AE0E00002FFF000042C600003E
:103990000EF0000041C0000004C000002C700000C8
:1039A00016DA000040C00000FFD8000063430000AA
:1039B0000C1C000001300000920E00002FFF0000E0
:1039C00042C60000A5710000E70D00003491000020
:1039D000AF780000A5C00000041400001B340000F4
:1039E000C6C60000E078000032200000800F000012
:1039F00000800000DC060000347000001D7A00002A
:103A00005D7A00005D7A00005D7A0000CA22000045
:103A100001000000C3BA0000E07F0000792200002E
:103A2000C0030000E07800000016000001710000F3
:103A300000800000060000000C79000085290000CD
:103A40001F040000E07F000001690000E078000032
:103A50004220000001070000390900005404000062
:103A600089080000300C00001AD900008508000009
:103A7000700D00000FD900007D080000300F00001D
:103A800018D90000C5E0000027F20000D0E00000D7
:103A900027F20000E0E0000027F20000F8E000005C
:103AA00027F200008C200000038C00002C72000024
:103AB00030F200008C2000000288000019F40000A1
:103AC0002C7300002CF000002520000040000000B6
:103AD00011F0000013F000001BF0000011F00000D6
:103AE0001BF000000FF000001BF000000DF00000C4
:103AF0000BF000001BF0000009F0000009F00000CE
:103B000019F0000007F0000005F0000005F00000CB
:103B100017F000003FD9000016F000002C700000E4
:103B200014F000000BD9000012F000000AD90000C8
:103B300010F0000007D900000EF0000008D90000C6
:103B40000CF000003ED900000AF000003BD9000054
:103B500008F000003AD9000006F000001FD900006C
:103B600004F0000038D9000002F000001BD900006A
:103B7000E07F000020400000E6C20000FC1C0000C6
:103B8000C8B60000822400000C390000E6080000DE
:103B9000EFFF000087C00000001600008D700000DD
:103BA00000800000100000006F700000ED70000049
:103BB00043F00000850D0000EE1600000C710000BF
:103BC0000846000044230000C037000006E800005B
:103BD00061B800000108000031000000DB7E000039
:103BE0002F210000C7060000C2090000600100008C
:103BF00087C00000CF7E0000C140000087C10000E8
:103C00004C7100008E090000E001000040DB000064
:103C10000C7000006A0C00002FFF0000FFD90000AC
:103C20000012000083300000FFD800002C7000005C
:103C30004C75000043C7000042C7000041C70000A8
:103C40004E0D00002FFF000040C7000026140000AA
:103C5000003100002C7000004C73000040C00000D8
:103C6000FFD8000018DB000043C7000042C6000078
:103C7000120F00002FFF0000041C00004131000063
:103C8000FFD8000080D900004C7500006C74000063
:103C900043C7000042C7000041C70000220D0000DA
:103CA0002FFF000040C700000C700000DA0C00007D
:103CB0002FFF00002C710000677100007F0B0000D7
:103CC00014B10000AE0B0000000000000016000060
:103CD0008070000000800000F90300000D08000063
:103CE0009F0000009A0B0000400000000BF0000055
:103CF000C340000004900000040000002090000079
:103D0000A1B9000020B00000220B0000200000003C
:103D10001FD800006F700000001E0000C476000075
:103D200004900000DC0000006F200000C3000000D1
:103D3000C0880000A388000000240000803F00002D
:103D400000000000840200002C700000960E0000AD
:103D500020000000A0DA000000240000803F0000E6
:103D600000000000E4010000860E000020000000BA
:103D7000A0DA000000240000803F000000000000E6
:103D8000440100007A0E000020000000A0DA0000CC
:103D900055240000403A00006E0E00002000000094
:103DA000A0DA00001A2500008D1F0000100000009E
:103DB0000000000061F000002C7000005E0E0000AA
:103DC0002000000028DA000095C00000560E000018
:103DD0002000000028DA00008BC000004E0E00001A
:103DE0002000000028DA0000552300000038000001
:103DF000A57800009FC10000C60C0000E000000094
:103E00004C72000055230000C0380000A578000067
:103E1000BA0C0000E000000095C10000552300002E
:103E2000003D0000A5780000AE0C0000E00000009E
:103E30008BC10000C3400000008000004804000067
:103E4000021000009E000000C3400000008000003F
:103E5000480400006188000034F000009FC00000AA
:103E6000F4200000C00000000E0F00006FFF0000F3
:103E700044C000000843000095C00000F42000008A
:103E8000CF0000008BC00000F4200000C000000044
:103E9000C5BF0000FA0E00006FFF00006177000050
:103EA0005A230000023A000000240000813F000075
:103EB0000000000084020000002400008C3F00008D
:103EC00000000000E4010000596100007479000066
:103ED000E0B100005C64000004C10000747C0000DC
:103EE0003D7900006C2100000101000020B40000B9
:103EF00000240000813F0000000000004401000099
:103F0000596100007479000000190000C40200002B
:103F100055240000413A0000596100007479000006
:103F200000B10000647100009B0E0000C5B00000ED
:103F300067710000450B000034B100009FC0000015
:103F40008426000002100000DD7E0000DD7E0000FF
:103F5000DD7E0000DD7E0000DD7E000031DF000040
:103F6000DD7E00009FBF00004A260000C030000038
:103F7000DD7E0000422700001B1300000A20000025
:103F80008007000046C6000044C000005DF000004D
:103F9000AD0B0000A01700006C700000C3400000D3
:103FA0000080000048040000028800008FBB000071
:103FB00045C00000C340000000800000480400002D
:103FC000A18800006846000035F00000BD780000C0
:103FD00044250000411000000A0D0000EFFF000022
:103FE0000F7800002EE800005A230000011A00009C
:103FF0005A260000023A000006C000006E7C000055
:1040000009E8000000240000803F000000000000DC
:10401000440100003B600000F42300004303000063
:104020000CF0000000240000803F000000000000B1
:10403000E401000038600000F420000043030000A9
:1040400000240000803F0000000000008402000007
:1040500058600000F4200000400300006278000077
:10406000082400000310000055240000403A00001E
:104070001961000058600000F421000041030000B5
:10408000F42000004003000031480000CE7800001A
:10409000082000004E000000A571000005C00000CF
:1040A00097080000658300006E78000006C10000DC
:1040B00004E90000BE0F00000FFF000004F0000044
:1040C000DE0C00004FFF000000410000B20F0000B6
:1040D0002FFF0000CE780000011B000052300000CE
:1040E000011F00001210000065770000550B000052
:1040F00013900000422600005E300000FB0E00001E
:1041000033B000006D730000CB430000008000005E
:104110004D000000422300000014000045C00000D4
:104120004CF00000C3400000008000004804000084
:10413000021000009B000000C3400000008000004F
:1041400048040000A1880000CD7000008FBE000070
:10415000C14300002AF00000BD78000044250000A3
:1041600041100000460C0000EFFF00000F78000037
:1041700021E8000004C200005A2600000C3A0000AA
:10418000002400008F3F00000000000044010000F8
:104190005A220000020A000055240000413A0000A3
:1041A00098670000F42000005F03000058610000E1
:1041B000F42000004003000099610000FA62000052
:1041C0000E2700001F3000006E780000082000005D
:1041D000C3070000F421000040030000F4220000A7
:1041E0004103000002790000CE78000008200000A2
:1041F0004E000000A5710000B10B000065B3000087
:10420000CE780000160F00000FFF000000420000F3
:104210000E0F00002FFF00006E78000005C10000A7
:10422000422600005E3000000119000092000000EC
:1042300045C10000011B000012100000770E0000B5
:1042400013B0000004C000000477000044C0000068
:1042500004C00000F7080000338000004A26000078
:10426000C0300000C34000000390000074E1000073
:104270000018000005000000021800000500000002
:10428000001600008070000000800000F9030000AC
:10429000E2B80000E00E000041FF000080240000B2
:1042A0000C390000041400001B340000C6C60000D6
:1042B000E4C20000A4C10000001600008E700000DF
:1042C00000800000100000000C7000000E090000CB
:1042D0002FFF0000FFD900002C700000FFD8000065
:1042E0004C7500006C7300002845000043C10000BD
:1042F00042C1000041C10000F20900002FFF000090
:1043000040C10000FFD8000080D9000009DA000099
:1043100020DB000043C5000042C6000041C500008C
:10432000DE0900002FFF0000001C000041300000EB
:104330000C700000960900002FFF00002C71000097
:10434000A4C00000C4C60000AA210000C4000000F0
:10435000110900003F0000002C720000AB2100009A
:10436000C40000002C710000AB210000C40000005C
:104370000F08000015040000001600000071000086
:1043800008900000D6010000E07E0000AA21000095
:1043900004010000327B0000190B00002500000022
:1043A000AA24000044110000AA2200000401000019
:1043B000FD0900008480000062780000AA2400004B
:1043C0004411000003F0000038600000AA21000042
:1043D0000401000010710000E1200000C607000089
:1043E000AA22000044010000F30C000080900000AD
:1043F000E07E0000E0780000F1C000006E080000E0
:1044000000000000A60F0000CFFF0000D1C0000098
:10441000E07E0000E0780000F1C000004E0F0000D8
:10442000CFFF0000960F0000EFFF000014D800003F
:104430004A0800000FFF0000001600008070000016
:1044400000800000640000000B080000FE00000077
:104450000C700000020E0000C0000000D1C000007F
:10446000E07E0000E0780000F1C00000AE0D00002A
:104470000FFF00006E0F0000EFFF00008A20000019
:1044800010000000C340000000800000D2060000C1
:1044900000880000E3B80000340F000042FF000075
:1044A000D1C00000E07E0000F1C00000160800004E
:1044B000000000002F20000000800000D1C000009C
:1044C000E07F0000CA200000A1000000E0780000AA
:1044D00000160000037100000080000006000000CC
:1044E0001A23000002000000052A0000820F0000CD
:1044F0001E0000008084000015080000840F0000EA
:1045000003000000410D0000852800000F0A000094
:104510001A200000C2000000852A00001F040000CD
:104520003D78000050700000CA2200000D0000001D
:10453000E07F0000016A0000E6C20000FC1C0000F1
:10454000C8B60000A8C100006F230000C3360000F9
:104550000013000082300000C34100004F00000043
:1045600001000000260E0000EFFE0000782200008F
:10457000800000009E080000AFFF00000213000052
:104580008D300000BD7B0000BD7A00007D7B000007
:10459000532500007E9000005D7A0000C0230000DB
:1045A000620000005D7A0000532500008190000049
:1045B000C3B80000C022000062000000031A00001F
:1045C00002300000051A0000C2300000071A000087
:1045D00042300000041A00008230000040C0000099
:1045E000C341000053000000030000001E0B000048
:1045F0006FFF00000AD800004C7000000C70000033
:10460000C343000000800000CC06000004F000005E
:1046100050A9000004710000FD080000B4820000F1
:104620001963000007CA000016E80000FFD9000067
:10463000C4B8000006E8000061B8000001080000EE
:10464000310000003B79000004CA000078600000DF
:104650002FA800000CF00000001600008070000081
:10466000008000000E0000000B080000AE000000FB
:104670005863000010180000C30F000044710000D0
:10468000ED0A0000B4820000ED70000005CA0000D1
:10469000C3410000008000004804000004770000CF
:1046A000E1A90000E3A9000002A9000004CA00007B
:1046B0006F250000431B00006F260000431300001D
:1046C0000477000004A900000016000080700000BC
:1046D0000080000001000000E2B800007FD8000068
:1046E000CA200000E2010000081A000002300000A9
:1046F0000215000003150000F8150000829000006C
:10470000461500008B140000B71500009F900000B4
:10471000009600000016000081700000008000007C
:1047200001000000B51500008C900000001300008F
:104730009E30000044C000004427000040300000CC
:1047400042C1000041C000000AD80000C34100007F
:104750005600000008000000141C00008037000014
:1047600043C40000620A00006FFF0000001C00004C
:10477000C0320000021500000B15000002150000F9
:104780001F150000021500000315000002150000AF
:1047900002150000FE1600009E900000219500000A
:1047A000029500008095000044C1000045C0000053
:1047B00042C2000041C300000AD80000C34100000B
:1047C00058000000080000000A22000080070000D6
:1047D00043C40000001C0000C0370000260A00008F
:1047E0006FFF000061430000FE1600008090000093
:1047F0001A200000800F00002000000000000000D0
:1048000005200000810F00000590000048E0000036
:1048100005200000800F0000049000004800000008
:10482000009000006C200000430000000095000094
:104830000BDD000061BD0000FF0D000031900000A5
:104840001D7800004420000042000000657A00004E
:1048500044200000800000004578000000B1000006
:10486000760D0000EFFF000014D800000EF00000ED
:1048700056200000000E000005200000810F0000FF
:104880000990000000E0000032270000801F0000B7
:10489000008000007E000000E571000000B1000013
:1048A000E90F000034910000FB7800002C74000038
:1048B0004C7000000AF0000056200000000E0000BE
:1048C00005200000800F00000990000000E00000BB
:1048D0002471000040B00000F109000034820000A3
:1048E0003B7800000016000080700000008000008F
:1048F00001000000390800009E01000033F00000B4
:104900002C7000008EB9000012F200001A22000084
:10491000800F000000000000001000004422000092
:10492000C30700000F200000810000000C71000090
:1049300005EB000061BB0000FF0B000031800000B0
:104940001B7800009A200000040000000579000098
:10495000EB4200001AF800005947000044710000C3
:1049600054740000E8F700008A200000C40300002F
:104970001AF0000044220000C107000006E9000010
:1049800061B9000001090000310000001B7800003F
:104990001A220000810F000000000000001000003B
:1049A0000F780000057900009A2000000400000044
:1049B00005790000EB4200000DF8000059470000A7
:1049C00044720000DB0A0000348100000C73000018
:1049D0008A200000C40B0000001E000004700000CC
:1049E0000990000080E10000001600000071000046
:1049F00004900000EA000000001E000004700000A7
:104A000005900000EEE000000A0D0000CFFF00005E
:104A1000A8C00000041400001B340000C6C600003B
:104A20005B78000056200000000D0000052000000B
:104A3000800F00000990000000E0000020B000009E
:104A4000E07E0000E07800006C70000007F00000DD
:104A5000011100008C0400006471000001180000C6
:104A600012030000F90B000084800000E07E0000CB
:104A70001A62000004F0000001180000520000005B
:104A8000FD08000084800000E07E0000E078000067
:104A9000E6C20000FC1C0000C8B60000AAC100006D
:104AA00019DA00008CBA00006F20000043010000FA
:104AB00040C00000021800009400000040C0000048
:104AC000C3400000000000007CC10000CB45000096
:104AD000129000002803000000B50000AAD80000D2
:104AE00001B50000C3410000B50000000100000056
:104AF0009A0800006FFF00000AD800001ECC0000DA
:104B00002095000038200000420000001FCC00006B
:104B1000219500003820000040000000C341000043
:104B2000B900000000000000420B0000EFFE000092
:104B30004478000000C0000000C1000000880000B0
:104B4000E991000042C000001A200000800F000020
:104B5000200000000000000041C00000052000000F
:104B6000800F000004900000320000000090000060
:104B700045C0000001C0000005200000800F0000BB
:104B800002900000400000000090000048C00000BB
:104B900000C000005C1000000001000049C00000DF
:104BA000462000000106000000C000005C18000064
:104BB00044000000FD10000080800000E6B8000006
:104BC00000C000000C88000046C0000007F2000092
:104BD00006C1000000C00000842100004105000063
:104BE0002CA80000720C0000EFFE0000001A00006C
:104BF00003310000E0BF00003E02000001000000A1
:104C000001C0000005200000810F00000590000099
:104C100032E0000005C0000080B8000000B10000D4
:104C200001C0000005200000800F0000039000007C
:104C300090E00000F20B00002000000000180000CF
:104C4000050000007E0C0000CFFF0000C20800003D
:104C50008FFF000000C00000FD10000080800000F9
:104C6000410800001E000000C34300000490000043
:104C7000140000002093000001CA00000F0800008B
:104C8000B00100004F210000820000000D0800006C
:104C9000D100000085210000080100002042000032
:104CA00040B3000023D80000C3420000059000007C
:104CB00034E0000000B200002C700000C34000008F
:104CC0000390000034E0000020B00000B1B8000004
:104CD00020B00000020C00002000000021B2000003
:104CE00000C00000001600008B7000000080000073
:104CF000000000000088000044C000001A200000EE
:104D0000800F0000200000000000000043C00000F1
:104D100005200000800F00000290000086000000C7
:104D20000090000047C000001D7800001D780000C2
:104D30001D7800001D780000C2B8000027080000A0
:104D40009000000035080000F10000008B230000F7
:104D50003E90000008CE0000CB450000008000001F
:104D60001C0400001C750000031A000058330000EA
:104D70000ECE0000CB46000000800000340400008E
:104D800017F00000CB450000008000001804000070
:104D9000031A000058330000CB46000000800000DA
:104DA0003004000010F000008B2300003E90000053
:104DB00005CE0000CB45000000800000100400007C
:104DC0001C7500000BCE0000CB46000000800000E8
:104DD00028040000031A0000583300001C7600006D
:104DE000091A0000983300000016000082700000CD
:104DF000008000000C0000008B2300003E900000AB
:104E00001A2200009B0F000001000000A086000095
:104E10000AF200003C230000803F000079000000FF
:104E200000AE0000C341000042010000010000008C
:104E3000BE090000CFFE00002F210000C2060000C6
:104E40003D7900003D7900003D79000004C000007C
:104E50003D7900003D7900003D79000095E80000B3
:104E600007C0000044200000800000001265000020
:104E700010660000104900004820000000000000FB
:104E80000528000080000000C342000003900000DD
:104E900080FE00000F78000089200000C10F000094
:104EA00000B20000E01A00000480000002C500000B
:104EB000052B0000803F00000000000000FA000009
:104EC0001A2500008D1F00001000000000000000E7
:104ED0000471000021080000FE0100004C74000075
:104EE00000210000800F0000FFFF00003C7900005F
:104EF0008C200000478D00004C70000085F60000FB
:104F000085280000070D000002F000000C71000071
:104F10000F78000089200000C10F00005A20000017
:104F20000002000003C10000057A00000016000026
:104F300000710000049000006401000005210000E1
:104F4000810F00000590000064E10000C1B800007E
:104F50004578000000B1000001C0000005200000FD
:104F6000800F000002900000860000009A090000F7
:104F7000E0000000C09000002A090000E0000000EE
:104F8000A1400000001600008170000000800000B9
:104F90001B00000002C00000112100000080000082
:104FA00001C00000CF2600002110000005200000F5
:104FB000800F00000390000086FE00004E0A0000F3
:104FC00020000000C0B00000CB45000000800000C1
:104FD000CC060000C20E00006FFF0000A1400000E0
:104FE000FE0E0000A0000000A140000000C0000074
:104FF0000088000008E80000001600008070000033
:1050000000800000F90300000D0800001F010000EF
:10501000060A0000CFFF00004A0E00000FFF00004C
:10502000260A0000CFFF000000160000807000007C
:1050300000800000640000000F080000DE00000097
:105040000395000083B800005E0900006FFF0000B8
:1050500003B50000A14000002C7100004E0C0000C0
:10506000A00100004C7000001A0A0000200000009F
:105070000C700000EE0F00002FFF00000C7100000C
:10508000110F0000BE1000000C7000003A0A000072
:10509000C0000000060A0000200000000C720000A2
:1050A000442700008E90000007F200002A0A00004A
:1050B000E00000000C710000F20900002000000078
:1050C0000C7100008A20000004000000042700008A
:1050D0000D9000000BF2000000C0000000880000EE
:1050E00087E800000E0A0000E00000000C730000DA
:1050F000D6090000200000000AD800004427000064
:105100000092000044C0000007F20000FA0900000D
:10511000E00000000C750000C20900002000000043
:10512000FDD8000008EE0000EA090000E0000000E1
:105130000C720000B609000020000000FED800003C
:10514000442700000094000043C0000008F2000063
:10515000D6090000E00000000C760000A209000063
:10516000200000000C7400006F230000C33F00000B
:10517000001300008030000027080000DE0000005F
:1051800011ED000000C00000008800008FE8000062
:105190006F25000043100000C08D00005026000065
:1051A0004011000000AD0000AA090000E00000006E
:1051B0000ED8000076090000200000000AD8000088
:1051C000C0AD000004C0000007E800009A0900001C
:1051D000E00000000C7400006209000020000000E4
:1051E0000C73000000130000803000002508000050
:1051F0009E00000003C000000EE800006F250000C4
:1052000043100000C08D0000BFD80000C47800002B
:1052100000AD000076090000E00000000C76000000
:105220003E090000200000000C740000C0AD00002A
:105230001F0F00005F12000000C000000088000087
:105240001A200000800F0000200000000000000075
:1052500005200000810F00000390000040E00000E6
:1052600008C0000000B1000020F00000C3400000B2
:105270000080000048040000001800000300000047
:1052800000C000007A0B00002FFF0000FD1000009E
:105290008D800000084600004A0C00002FFF00002F
:1052A0000C710000E2BD00000C710000CA2000007B
:1052B000E1030000660B0000E0000000C1410000B7
:1052C000120C00000FFF000009CA000085E8000072
:1052D000560D00002FFF000002C00000E208000091
:1052E0002000000009D8000009CA00002CE80000D6
:1052F00000C00000AD7000000C1000009B0000001A
:105300001AF00000330B00006E330000A1400000D3
:10531000C60B00002FFF00002C71000002C100002E
:1053200008470000AF7E00000C710000E142000061
:10533000660D00002FFF0000C143000002C1000005
:105340000C700000E14200005A0D00002FFF000029
:10535000C1430000C1410000060E00002FFF000005
:10536000E1400000A5710000CF0D00001491000085
:10537000060D00002FFF000002C000000016000014
:10538000807000000080000000000000E5B8000010
:10539000240E000002FF000000C1000009C0000050
:1053A000EE0B0000AFFF00005C19000004000000DD
:1053B00000C1000006C000000CA9000001C00000F0
:1053C00005200000810F00000590000032E0000081
:1053D00005C0000000B100003A0E00002FFF0000E1
:1053E0000C700000C60D0000800000002A0E0000B6
:1053F000E000000007D800000C700000AB200000A7
:10540000C4000000FF7F0000FFF10000E078000012
:10541000E2C20000CB450000049000000400000040
:1054200000950000A1B8000000B50000920F000038
:10543000AFFF00000C7400001FD800008A0F0000AE
:10544000AFFF0000F61D00005D100000C2C60000A6
:10545000E2C200007E0F0000AFFF00001FD8000076
:10546000CB45000004900000F00100000C74000027
:105470006E0F0000AFFF0000001D000005100000CF
:105480000A1500000097000081B800000A1D000006
:105490001C900000C2C60000F1C000000016000011
:1054A0008170000000800000180000008C210000C6
:1054B00003820000C40D0000CE0000000E080000B2
:1054C00000000000D1C00000E07E0000E078000095
:1054D000E2C20000001600008070000000800000A2
:1054E000010000001B0800003E0000000AD8000078
:1054F000CB4500000590000036E000002A0F0000B8
:10550000AFFF0000001D000045100000001D00005E
:1055100005100000C2C60000C34000000490000057
:10552000F20000000018000045000000E07F0000CD
:105530000018000005000000E6C20000FC1C00008E
:10554000C8B60000BFC1000008470000604000006E
:1055500008DC000061BC0000FF0C0000319000007E
:105560001D78000068450000C0B8000048460000F3
:1055700052C10000AE0C00006FFF00004EC00000E2
:105580000C71000044270000DB170000110B000025
:1055900010300000422300005B300000FF0B0000D1
:1055A00031B000001B78000053C000000B6E0000FB
:1055B0004FC0000098140000003000009C14000050
:1055C0001B30000050C000000FC000001F0800008A
:1055D000140100000EC000000BE80000C3400000F2
:1055E00000800000CC0600002590000040DA00009A
:1055F0008AB9000025B000007E090000A00100006B
:105600002C7100009414000000300000C341000021
:1056100003900000C4E000008A220000070C000094
:1056200054C00000901400000030000095C300003A
:1056300051C0000053250000C010000000B1000060
:105640000EC000008BB9000014700000F0D80000FC
:105650005C700000042000004203000040B1000024
:1056600095C000002C700000060A0000EFFF00004B
:1056700028DA0000AF780000B8200000C30F000057
:105680006DC00000C340000000000000000F0000DB
:105690004BC0000020D800004AC0000012C000002B
:1056A000C14100004CC5000048C0000010C000000F
:1056B000241C0000033000001C1C0000033100000B
:1056C00044C0000013C0000046C30000141C0000CA
:1056D000C03600000F78000043C70000B209000088
:1056E00020000000251C0000823300005E0F000037
:1056F0002000000083C00000CB47000000800000B5
:1057000048040000021700008B100000618F0000A9
:1057100019F000007D7800004423000041000000E3
:1057200066090000AFFF00000F78000010C1000004
:10573000747900000CE80000009100008EE8000081
:1057400095C00000F5200000C00000001508000012
:1057500033080000422000000008000005F00000AF
:10576000C340000000000000FF1F000000B1000067
:1057700064710000D30B0000E5900000096E00008A
:1057800039080000950000000EC00000CB45000065
:1057900000000000F0F00000CB4600000000000018
:1057A000FFFF000014700000A1430000DD73000043
:1057B0000FD80000A1410000A14200002E09000006
:1057C0006FFF000040C300000EC00000A1410000B8
:1057D000A142000014700000BD76000008D800004F
:1057E000C14300001A0900006FFF000040C600001E
:1057F000EA0800006000000083C00000628F000023
:10580000A18F000019F000004425000041100000A5
:10581000EE080000AFFF00000F7800001423000026
:10582000413300000CE80000009100001D0800005A
:10583000F107000095C00000F520000040030000C3
:10584000110800003308000020E0000005F000000F
:10585000C34000000000000000E0000000B10000B4
:10586000A5710000D50B000065830000BD78000025
:105870000EC0000012E800000FC000002108000068
:105880003401000040DA0000C34000000080000046
:10589000CC0600002590000004210000810F0000CC
:1058A00000000000FFFB000025B0000026080000FB
:1058B000A00100002C71000011C0000008E80000E9
:1058C000C34100003600000000000000AE090000E7
:1058D0002FFF00000C740000A18F00004BF00000AF
:1058E00010C00000F52300004B330000F52000003D
:1058F0004303000044250000401000004EC000009B
:105900000EC1000076080000AFFF0000CF78000055
:1059100014C10000B47900002CE80000022300004C
:10592000C01000004820000000000000617300006B
:105930004FC000007C7800004820000000000000FC
:1059400049200000C207000011C0000040B1000063
:1059500011E8000010C000000EC30000F520000098
:1059600041030000F52300004033000042C2000064
:1059700040C1000041C000000C740000C3410000A1
:1059800038000000050000004E0900002FFF000055
:10599000C14200000FC000000EC30000C341000060
:1059A00039000000030000000E78000040C0000035
:1059B0007F20000040010000FA0B0000AFFE000055
:1059C000C142000010F00000C340000000000000D1
:1059D000FF7F000000B1000011C000000AE80000D5
:1059E0000EC300000C740000C3410000370000002B
:1059F000020000001A0900002FFF0000C142000051
:105A0000A5710000028F00006D0800006583000092
:105A1000BD7E0000001E0000057000000390000025
:105A200004E00000BFC00000041400001B340000AC
:105A3000C6C60000E0780000E6C20000FC1C0000C2
:105A4000C8B60000ABC1000044C1000046C0000061
:105A500004C00000ED730000AB680000AF780000E8
:105A60003E0E00002FFF000045C00000860F000022
:105A7000EFFE000048C000004F0D00003411000090
:105A8000084600000C7000002E0D0000AFFE000064
:105A90002C70000000120000833000002C71000008
:105AA0006F700000FFD800008EB900004C75000038
:105AB0000C1C0000C0360000081C0000C0360000AE
:105AC000041C0000C03600000A0E0000AFFE0000FB
:105AD000001C0000C036000056F900000C1C00003D
:105AE000C0360000081C0000C0360000041C000086
:105AF000C0360000F60D0000AFFE0000001C0000E4
:105B0000C03600000C700000AA0D0000AFFE0000BF
:105B10002C71000005C00000792600001B10000059
:105B20005E0E00002FFF00003C2700000F10000059
:105B300008C10000142000004E000000584E000074
:105B4000C0B800005E0E00002FFF000045C000003E
:105B500004C10000442000004C0000008A22000024
:105B6000C70F00002477000013090000B5000000F3
:105B7000284300000B230000C0B300002C7100007C
:105B800009F200002C75000007F00000B574000059
:105B900008D90000CA21000065000000CA220000E8
:105BA0002600000005C30000986000004AC0000005
:105BB000DB630000C34000000F900000C0E0000065
:105BC00047C3000020B000002C77000045B0000063
:105BD0000B230000C0B30000CB470000FFFF000014
:105BE000F0F0000020400000FD7000003C77000055
:105BF00045C100002D0B0000B510000045C000009D
:105C0000CB46000000000000F0F00000F07B000038
:105C10000FD80000C1410000C1420000FE0E00008C
:105C20002FFF000040C3000005C00000C14100007C
:105C3000C1420000107B000008D80000EE0E0000FA
:105C40002FFF000040C3000007C00000CD7000001F
:105C500028E0000049C000000AC0000010E0000079
:105C600047C0000004C0000081B8000014720000AA
:105C700090F4000008C000000F790000360C00000E
:105C8000AFFE00000C700000001200008330000026
:105C9000FFD800002C7000004C75000043C60000C7
:105CA00042C6000041C600001A0D0000AFFE000011
:105CB00040C600007E0F0000AFFE0000FFD80000CD
:105CC000ED7000008EBF0000FFD80000E141000031
:105CD0004C7500006C74000043C6000042C6000012
:105CE00041C60000FE0C0000AFFE000040C60000F0
:105CF00006C000004F270000811200004C70000019
:105D00000F7D0000FFD800007CDB00000C1C0000B1
:105D10004130000042C5000041C60000E20C000016
:105D2000AFFE000040C6000008CA0000C3410000EA
:105D300000000000007500004C72000043C000002D
:105D4000FFD800006C74000042C5000041C600008E
:105D5000001C0000803F0000000000000010000058
:105D6000BE0C0000AFFE00003843000007C000007A
:105D7000E14100004C7500000F7B0000FFD80000DF
:105D800043C6000042C5000041C60000AA0C000046
:105D9000AFFE000040C60000760A00002FFF0000A2
:105DA000A140000008CA0000502300000133000099
:105DB0004C71000043C00000FFD8000042C5000045
:105DC00041C60000001C0000803F000000000000F1
:105DD00000100000860C0000AFFE00006C74000094
:105DE000160A00002FFF0000A140000009C00000BB
:105DF000F0F8000043C6000042C6000041C60000A3
:105E00006E0C0000AFFE000040C60000EAF8000083
:105E10000C1C0000C130000042C6000041C600005A
:105E20005E0C0000AFFE000040C60000E3F800007A
:105E300043C6000042C6000041C60000520C0000EC
:105E4000AFFE000040C600008A20000010000000E5
:105E500043C6000042C5000041C6000040C000002B
:105E6000FFD800002C7000004C76000026DB0000FC
:105E7000360C00008FFE0000660E0000AFFE000032
:105E8000FFD80000E1F8000043C6000042C6000051
:105E900041C60000260C0000AFFE000040C6000016
:105EA000ABC00000041400001B340000C6C6000094
:105EB000310D00001511000004C00000CB450000AA
:105EC00000000000AAAA0000ED700000147300009A
:105ED0000EF2000004C00000147500004C02000027
:105EE00021000000ED72000004C0000014740000E6
:105EF0004802000022000000ED710000CB450000C8
:105F000000000000CCCC00004102000000000000B6
:105F100004C00000C9080000718000000C7000007F
:105F2000A7F0000004C00000CB4500000000000006
:105F3000FFFF000014700000C07D00000FD80000BB
:105F4000A1410000A1420000660D00002FFF0000EB
:105F500040C3000005C00000A1410000A1420000B4
:105F6000107B000008D80000560D00002FFF000035
:105F700040C300000C700000B60A0000AFFE000035
:105F8000634100000012000083300000AD7000008B
:105F9000FFD800002C7000004C75000043C50000C5
:105FA00042C5000041C500009A0B0000AFFE000092
:105FB00040C500002C700000FFD800008EB9000022
:105FC0004C7500006C74000043C5000042C5000021
:105FD00041C50000860B0000AFFE000040C5000078
:105FE00004C0000078200000000000001A2000001B
:105FF000800F000000000000001000004AC00000F8
:1060000004C0000091E8000006C00000C341000089
:1060100000000000004400004C7000000F780000F9
:1060200042C00000FFD800007CDB00000C1C000018
:106030004130000041C50000520B0000AFFE0000DF
:1060400040C500000C73000043C0000006C0000003
:10605000C341000000000000004400004C7200003A
:106060002F23000007300000FFD80000081C0000AC
:10607000C036000041C50000001C0000803F000049
:10608000000000000A1000002A0B0000AFFE000014
:106090006C7400000C73000043C000000AC00000D4
:1060A000C341000000000000004400004C720000EA
:1060B0001078000040C00000FFD800006C740000A1
:1060C000081C0000C03600000A0B0000AFFE0000F4
:1060D00041C500000C730000C34100000000000037
:1060E0000044000043C0000090B90000FFD8000049
:1060F0004C720000081C0000C036000041C50000C2
:10610000001C0000803F0000000000000A1000009A
:10611000E60A0000AFFE00006C74000007C000003B
:106120008AF8000043C5000042C5000041C50000D8
:10613000D60A0000AFFE000040C5000004C0000009
:106140001D080000710000008A20000010000000FF
:1061500040C000007BF800000C1C00000130000073
:10616000081C0000C0360000BA0A0000AFFE0000A4
:10617000041C0000013000000C70000043C000004F
:1061800042C0000041C0000040C00000FFD8000035
:1061900080D900004C750000A20A0000AFFE00008C
:1061A0006C7400000C7000005A0A0000AFFE000082
:1061B0002C71000004C000000471000044C0000005
:1061C00008C000002F2300000730000004C00000BA
:1061D00014720000AA060000E5FF0000F07B00003A
:1061E0000C70000082090000AFFE00006341000057
:1061F0000012000083300000FFD800002C70000067
:106200004C75000043C6000042C6000041C60000B5
:10621000660A0000AFFE000040C60000CA0C000085
:10622000AFFE0000FFD80000ED7000008EBF000040
:10623000FFD80000E14100004C7500006C740000C4
:1062400043C6000042C6000041C600004A0A0000E2
:10625000AFFE000040C6000006C000004F2700004F
:106260008D120000A14100002F2300000730000024
:10627000FFD800004C7000007CDB00000C1C00000C
:1062800041300000081C0000C036000041C600007C
:10629000260A0000AFFE000040C60000F60F000016
:1062A000EFFE00006340000008CA0000A1410000AA
:1062B0004C71000043C000000C7000008CB800005E
:1062C00040C00000FFD800006C740000081C0000F3
:1062D000C0360000060A0000AFFE000041C6000004
:1062E000960F0000EFFE00006340000009C00000B0
:1062F00050F8000043C6000042C6000041C600003E
:10630000EE090000AFFE000040C600004AF80000A1
:106310000C1C0000C130000042C6000041C6000055
:10632000DE090000AFFE000040C6000043F8000098
:1063300043C6000042C6000041C60000D20900006A
:10634000AFFE000040C600008A20000010000000E0
:1063500040C000003BF8000043C60000081C0000DD
:10636000C036000089050000EFFF000041C60000B4
:10637000CB45000000000000B2B2000004F00000B5
:10638000ED700000AD7000000FD80000A1410000CA
:10639000A1420000A14300003E0B00002FFF0000BF
:1063A00040C5000008C000000F7900009E080000F2
:1063B000AFFE00000C7000000012000083300000EF
:1063C000FFD800002C7000004C75000043C6000090
:1063D00042C6000041C6000082090000AFFE000076
:1063E00040C60000B27800000F7A000006C000002E
:1063F000DB43000000800000D20600000013000014
:10640000013100000F7D0000A14000004A0A000099
:106410006FFF00002CDB0000CA0B0000AFFE000085
:10642000FFD80000320F0000EFFE0000A140000086
:1064300008CA00002C70000015DA000043C00000FC
:10644000204000008CB8000040C00000FFD80000D1
:106450006C74000042C5000042090000AFFE00005D
:1064600041C70000D60E0000EFFE0000A140000072
:1064700009C0000020F8000043C6000042C600002A
:1064800041C600002E090000AFFE000040C600001B
:106490002C700000FFD800008FB900004C75000080
:1064A0006C7200000C1C0000C130000042C60000ED
:1064B00041C6000016090000AFFE000040C6000003
:1064C00010F8000043C6000042C6000041C60000AC
:1064D00006090000AFFE000040C60000360B0000B9
:1064E000AFFE0000FFD800000013000000310000E4
:1064F0002C7000004C73000040C00000FFD800006A
:106500002CDB000043C6000042C50000C60A0000A4
:10651000AFFE0000041C0000C1300000B704000002
:10652000CFFF0000E0780000FFD800002C700000D2
:106530004C7600001ADB0000E07E0000E0780000EE
:10654000FFD800002C7000004C75000010DB00002C
:10655000E07E0000E0780000FB790000FFD800003A
:106560004C7500006C720000E07E0000E0780000D6
:106570002C7000004C7500000F7B0000FFD800005D
:10658000E07E0000E0780000FFD8000080D9000025
:106590004C7500006C740000E07E0000E0780000A4
:1065A000E6C20000FC1C0000C8B60000A6C1000046
:1065B000084600000016000000710000089000006E
:1065C000E00100008A210000FD0F000045C000002E
:1065D0002478000042C00000001600000071000096
:1065E0000E9000004C00000040C00000198E00001A
:1065F00044C00000108E000043C00000C3400000F3
:106600000E9000004C0000000190000041C000000E
:1066100004C000008AE80000C34000000000000041
:10662000FFFF000000410000004200003A0A0000A5
:106630002FFF0000004300000FD80000E609000013
:10664000EFFE00000FD9000008860000AD700000CA
:106650001B78000005200000800F00000390000060
:1066600064E000005E0F0000AFFF0000A0B000007B
:10667000298600008E0E0000600000000C710000F2
:1066800002C000002C710000001E00000470000019
:1066900009900000E0E10000C3400000039000000A
:1066A00064E00000422000008F090000A0B7000055
:1066B000A0B700009C1F00005C1300009B1F00009F
:1066C0005C130000E61F0000849F00000000000033
:1066D000FFFF0000F21F000044900000E41F0000D4
:1066E00044900000BE0F00006FFE00000E960000F8
:1066F00000C1000001C200005A0900006000000053
:10670000C14000000FD800007E090000EFFE00002D
:106710000FD90000298600003A0E0000600000003A
:106720000C71000005C000002C710000001E00006C
:106730000470000009900000E0E10000A0B7000034
:10674000E61F0000849F00000000000000FF000022
:10675000F21F000044900000E41F0000449000007D
:106760007E0F00006FFE00000A960000588E0000A9
:10677000018600005A080000600000002C71000033
:1067800000C1000001C2000012090000600000000A
:10679000C14000000FD8000036090000EFFE0000E5
:1067A0000FD9000004C0000007E8000003C000008B
:1067B000760B0000AFFE0000782000000001000012
:1067C00011F0000003C00000C34100000000000001
:1067D000FFFF00002042000014740000C3400000CE
:1067E00000000000FEFF0000CA22000001000000BF
:1067F000CA20000041000000520900002FFF0000E5
:106800002043000000160000007100000E90000000
:106810004C00000040C00000C34000000E9000008B
:106820004C0000000190000041C0000002C00000C8
:10683000001E00000470000009900000E0E100006C
:1068400003C000002986000078200000000100003D
:106850001B7800001B780000047500009A0D0000F2
:106860006000000042C00000088600006F70000059
:106870001B78000005200000800F0000039000003E
:1068800064E000004E0E0000AFFF000000180000A2
:10689000C40600002C710000001F0000C416000098
:1068A0009C1F0000DC1600009B1F0000DC1600008F
:1068B000E61F0000849F000000000000FFFF0000B2
:1068C000F21F000044900000E41F0000449000000C
:1068D0000E960000C60E00006FFE00002845000066
:1068E00000C1000001C2000062080000600000005A
:1068F000C140000005C000000FD90000001E0000CC
:106900000470000009900000E0E100000FD80000D2
:106910007A080000EFFE0000001F0000C41600000F
:1069200029860000360D00006000000002C0000053
:10693000E61F0000849F00000000000000FF000030
:10694000F21F000044930000E41F00004493000085
:10695000058600002C71000004710000820E00000A
:106960006FFE00001078000000C1000001C20000AE
:106970001E08000060000000C140000004C00000CC
:1069800006E8000003C000008A0A0000AFFE000015
:106990007920000000010000588E000003860000EE
:1069A000420F0000200000002C710000A6C0000073
:1069B000041400001B340000C6C60000E07800008C
:1069C000E6C20000FC1C0000C8B60000A8C1000020
:1069D000084600000016000000710000089000004A
:1069E000E00100008A210000FD0F000047C0000008
:1069F0002478000045C0000000160000007100006F
:106A00000E9000004C00000040C00000198E0000F5
:106A100043C00000108E000042C00000C3400000D0
:106A20000E9000004C0000000190000041C00000EA
:106A300003C000008AE80000C3400000000000001E
:106A4000FFFF000000410000004200002A08000093
:106A50002FFF0000004300000FD80000D60F0000F9
:106A6000AFFE00000FD9000002C100000886000040
:106A70007921000001010000560900002FFF0000ED
:106A800044C1000005C00000001E000004700000AA
:106A900009900000E0E10000298600007A0C000067
:106AA000600000000C730000AD700000CB470000D8
:106AB000039000003EE00000A0B700009B1F000014
:106AC0005C1300009C1F00005C130000E61F000028
:106AD000849F000000000000FFFF0000F21F000084
:106AE00045900000E41F0000459000000E96000055
:106AF000B60D00006FFE00002C71000000C1000008
:106B000001C20000560F000020000000C14000003C
:106B10000FD800007A0F0000AFFE00000FD9000070
:106B200007C000002C710000001E0000047000006F
:106B300009900000E0E10000A0B70000920D000005
:106B40006FFE00000A960000588E000002860000CA
:106B50006A0E0000200000002C71000000C100003F
:106B600001C20000260F000020000000C14000000C
:106B70000FD800004A0F0000AFFE00000FD9000040
:106B800003C0000006E800008A090000AFFE000014
:106B900004C0000012F0000002C00000C341000069
:106BA00000000000FFFF0000C342000000000000E2
:106BB000FEFF00001474000020400000CA20000006
:106BC00081000000CA220000410000006A0F00009E
:106BD000EFFE0000204300000016000000710000DE
:106BE0000E9000004C00000046C00000C3400000B2
:106BF0000E9000004C0000000190000040C000001A
:106C000005C00000001E0000047000000990000094
:106C1000E0E1000004C00000298600001B780000AD
:106C20001B78000007E00000B20B000060000000CD
:106C300041C0000008860000760800002FFF000019
:106C400004C100006F7000002C710000001F0000E4
:106C5000C41600009B1F0000DC1600009C1F0000F3
:106C6000DC160000E61F0000849F0000000000000A
:106C7000FFFF0000F21F000044900000E41F00002E
:106C8000449000000E960000EA0C00006FFE000029
:106C90002845000006C1000000C200008A0E000066
:106CA00020000000C140000007C000000FD9000014
:106CB000001E00000470000009900000E0E10000E8
:106CC0000FD80000A20E0000AFFE0000001F000061
:106CD000C4160000298600005A0B00006000000066
:106CE00001C00000C34000000000000000FF0000E1
:106CF000E61F000004900000F21F00004493000013
:106D0000E41F000044930000058600002C71000081
:106D100004710000A60C00006FFE00001078000057
:106D200006C1000000C20000420E0000200000006A
:106D3000C140000003C0000006E8000002C00000DF
:106D4000AE080000AFFE0000782000000001000047
:106D5000588E000003860000660D00002000000031
:106D60002C710000A8C00000041400001B340000B7
:106D7000C6C60000E0780000E6C20000FC1C00006F
:106D8000C8B6000082240000043400004DC000009A
:106D90000016000080700000008000000400000069
:106DA0004CC20000384300001A200000800F000091
:106DB0002000000000000000C34100004A00000065
:106DC0000000000005200000800F0000029000007D
:106DD00086000000009000008420000001000000F8
:106DE0001D7800001D7800001D7800001D7800004F
:106DF0001D7800001D780000DA0900006FFE000019
:106E00005220000000000000620800002FFF000078
:106E10000C7000000C70000044C00000001E000058
:106E2000047000000390000004E00000001E000059
:106E3000047000000390000068FF00000CC0000018
:106E40004C7100001470000004C00000CA20000053
:106E50006101000044C000000ACA00008C2000004C
:106E6000C38F00000FF400000016000080700000C7
:106E70000080000000000000E5B80000FFD800001E
:106E800007F2000000160000807000000080000083
:106E9000480400000A1A0000023000000DC1000082
:106EA00044210000C30700004041000006EB000041
:106EB00061BB0000010B0000310000003B790000C5
:106EC0004FC100007923000001300000247200004F
:106ED00050C100000016000081700000008000001A
:106EE00048040000370400002000000039210000A1
:106EF0000000000004C50000CA2500006110000069
:106F00000B6D0000210800003401000051C000009A
:106F1000190F0000B110000040DA0000C34000006B
:106F200000800000CC060000259000008AB9000017
:106F300025B00000E20C0000200100002C710000D0
:106F40000FC00000A14100007A0D0000AFFF00005B
:106F50000F7800000CC000000BE80000170F0000C5
:106F600051100000C340000000000000FFFF0000BF
:106F70000041000000420000920D0000EFFE000002
:106F8000004300000DC00000F5700000800200000A
:106F9000210000000F780000782700008110000019
:106FA00046C100007E0D0000AFFE00002C71000005
:106FB000001600009E700000008000000400000029
:106FC00048C0000097C00000FFD90000560D000027
:106FD0006FFF0000B4DA0000C3400000039000001F
:106FE00004E0000000180000840F00000000000012
:106FF00000210000001E000005700000039000004A
:10700000C4FE000006C0000008120000833000002B
:10701000CD71000008E000004AC0000006C000007A
:107020005F2000000002000047C0000007C1000010
:1070300010F00000416900009A21000008000000E3
:10704000C944000006E8000061B800000108000023
:10705000310000009B7C000005210000800F000033
:1070600003900000C4E0000080B000004041000038
:107070000AC00000E3090000248000004421000051
:10708000C00700001A2600009E3F0000100000000C
:107090000000000007D80000767800004EC0000015
:1070A000481C00008037000099E60000F60100004F
:1070B00026000000F572000008C000005520000006
:1070C000C108000012C00000257800001B780000F5
:1070D000C34100000390000000FE0000257800007E
:1070E000C0B00000C34000000390000004E00000B6
:1070F00000180000840F00000000000000210000C4
:1071000054210000800C0000C341000003900000E7
:1071100064F00000CA20000041000000020A0000E4
:10712000AFFF00000018000005000000FA09000091
:107130008FFF00000FD80000660C0000AFFE0000BB
:107140000FD900000C73000022090000600000004D
:107150008A210000C70F00000EC00000CB450000D0
:107160000390000024E000006F71000000B50000F3
:107170008A200000C40300000C1D0000C41600009B
:10718000FE1D00000490000018D800006A0A0000EC
:107190006FFE00002C7100008A2000000400000037
:1071A000001E0000047000000390000004E00000D6
:1071B0000FD800002A0C0000AFFE00000FD900001D
:1071C00007D800004E0A00006FFE00002C7100007E
:1071D0000EC000000FD9000000B500000FD800005D
:1071E0000C1D0000C41600000E0C0000AFFE0000D5
:1071F000FE1D0000C59300000C730000320A000061
:107200006FFE00002C7100000FD80000FE0B000084
:10721000AFFE00000FD900000C7000002C710000C0
:10722000001D0000C51F00000C1D0000C51F000050
:10723000160A00006FFE0000FE1D00000590000011
:10724000C3400000008000004804000004880000E3
:1072500053C00000C340000000800000480400004C
:107260000388000042C000007BF0000006C0000060
:1072700007C500004BC000000C71000040C00000BA
:1072800070F000000BC00000B574000097C1000052
:10729000C0200000610000004BC0000000C00000E2
:1072A000CA2000006100000040C000005F2600000E
:1072B0008034000041C0000038600000B478000055
:1072C00056C0000000900000C0E00000BA000000BE
:1072D000050000001A260000803F000000000000AA
:1072E0000010000043C00000A14000009A200000F0
:1072F0000400000003C10000257800001B78000096
:1073000005200000800F00000290000064000000D3
:1073100055C0000000900000AF7900002843000035
:10732000792000000000000054C000000E0B000097
:10733000200000000A2000008007000078200000E4
:107340000100000014C0000000C200000520000081
:107350007E800000CA22000021000000CA23000035
:10736000213000002BEA00000D0B0000D0100000BF
:10737000550B000010120000630B0000D11100003B
:107380000BC000000F780000792000000000000012
:107390005F2000000001000011F0000001C10000AA
:1073A000816800003B630000147B00009A2000000D
:1073B0000400000003C10000257800001B780000D5
:1073C00005200000800F0000029000006400000013
:1073D0000090000000B3000081400000E30D0000B9
:1073E0002590000097C300000F0D0000D111000090
:1073F000142600008077000000800000E8060000EE
:10740000C0A8000040C200000DF000000C70000099
:1074100040C000000BF0000015C0000020900000EC
:1074200016C0000020B00000142600008077000085
:1074300000800000E9060000C0A80000A57100005F
:107440000AC00000230D00000490000009C00000E5
:107450000471000049C0000009C000000F7900005D
:1074600013C000000A260000403000001071000028
:10747000FE060000EEFF000077700000C5710000FE
:107480000AF300000AF00000DE0D00004FFE0000CD
:107490009BF00000C3400000008000004804000092
:1074A0000388000042C00000001600008070000049
:1074B0000080000000000000C3B8000041C00000D0
:1074C00038F0000007C5000030F00000AF79000080
:1074D0003A0A000020000000C14000002BE8000034
:1074E0005F26000080140000542400009B3B000035
:1074F000C34100004700000002000000C14200003C
:10750000002300001B300000F42300004033000083
:10751000A14300004E0E00002FFE0000BC20000022
:107520000100000008C000001A260000811F0000B2
:107530000000000000100000F423000042330000AF
:1075400054200000000D000005790000A14000005B
:107550009A20000004000000257800001B7800003D
:1075600005200000810F00000290000000000000D4
:1075700001C000005860000049200000C00F00005A
:1075800000B10000A57100000AC00000A30D0000BA
:107590000490000002C000000471000042C000001E
:1075A00002C000000F7E0000C34000000080000009
:1075B000480400000488000087080000858300005C
:1075C0009F0F0000911000002E080000CFFE000069
:1075D00043C00000C34000000080000048040000D9
:1075E0000488000041C00000C3400000008000008B
:1075F00048040000031000008B0000003AF0000077
:10760000C340000000800000CC060000D4780000D9
:107610005C8800003D8800000C1400001B30000056
:1076200053490000304A000050710000CA20000099
:10763000CD0000000F7800001A200000DB060000DB
:1076400008DD0000CA2600002D320000CA25000017
:107650002D110000442B00001B3800001FF000001B
:10766000AF7900007209000020000000C140000056
:1076700018E8000008C000001A260000811F000062
:10768000000000000010000054200000000D000069
:1076900005790000A14000009A20000004000000CD
:1076A000257800001B7A000091BA00009CBA000007
:1076B0009FBA0000209200002F200000C8060000A2
:1076C0003860000049200000C00F000000B2000038
:1076D000A5710000C90D00008497000065710000CD
:1076E00001C000002F260000C71200008D08000016
:1076F000A58300004A26000040320000270F00004A
:107700009110000011C000001F08000034010000AB
:1077100040DA0000C340000000800000CC060000FA
:107720002590000004210000810F000000000000EF
:10773000FFFB000025B00000DE0800002001000073
:107740002C71000005C000000471000045C000005D
:1077500005C000000F7F000010C00000F1700000A5
:10776000CA030000EDFF0000F57200008024000055
:1077700004340000041400001B340000C6C60000DE
:10778000E6C00000C3430000008000004804000081
:10779000A38B0000848B00001F2500008F100000C9
:1077A0001BF000001A2500009E1F000000000000D2
:1077B000001000009A2300000400000014210000C3
:1077C0008E030000052600001E3000000523000087
:1077D000830700007B7B000091BB00009CBB000086
:1077E0009FBB000060930000E57100006571000020
:1077F00060B600002F230000C7020000D70B000076
:10780000A4800000F07E0000A5710000F70C0000CD
:10781000659300006D700000C6C40000E0780000B1
:10782000E6C20000FC1C0000C8B60000CB4500000A
:107830000080000048040000838D000038430000F1
:10784000184700006D7000000C7100000DEA000088
:107850005F240000431200001B0A0000B10000007A
:1078600008D9000008E3000009D80000ED7100000D
:107870004A2300000012000006F000009B7B00007D
:10788000ED7400002C74000002F00000ED710000A7
:10789000041500009E10000023F00000C945000000
:1078A0009A250000081000001A240000821F000022
:1078B0000000000000200000A57A00000522000062
:1078C000820F000002900000640000001F0B000007
:1078D00030300000409A00008A250000CF1F0000D1
:1078E000447D00005D7A00005D7A00005D7A000052
:1078F0005D7A00005D7A0000842200001F0800000D
:10790000BA62000014270000CD30000040B500002E
:10791000FE6600001B630000C309000085830000B1
:1079200085710000FD0E000025B3000069460000CF
:10793000041400001B340000C6C60000E0780000FC
:10794000F1C0000088E100005C09000081FE000039
:10795000CA2100000100000011F200004C7100007B
:1079600032200000800F000000800000DC060000D4
:1079700044210000C30700004041000006EB000066
:1079800061BB0000010B0000310000003B790000EA
:10799000047900007821000001000000D1C000003F
:1079A000E07F00002F7800001988000063B8000015
:1079B00014730000E0200000CD070000C340000069
:1079C0000E9000004C1E000020B00000E07F000080
:1079D00041B00000E0780000E2C20000CB450000AA
:1079E0000590000000E0000020D80000B20C00006C
:1079F0002FFF0000001D000045100000001D0000CA
:107A000005100000C2C60000E6C20000FC1C000019
:107A1000C8B60000822400000236000040C1000009
:107A200041C000000016000000710000049000003A
:107A3000AA000000C341000000800000880500008B
:107A400084DA000042C00000001E000085700000C3
:107A500005900000AAE00000001600008070000001
:107A6000008000000400000043C000004E0B000036
:107A70002FFE000085C0000085C00000A20F00009E
:107A8000E000000084D900000FD80000BE0F000005
:107A90006FFE00000FD90000420D00004FFF0000F4
:107AA000C34000000000000008420000001E00006B
:107AB000047000000390000004E0000001C000001A
:107AC0002C71000044200000CD0700002040000081
:107AD00005ED000061BD0000FF0D000031900000C9
:107AE0001B7800000F7F0000E14000009E0E0000A8
:107AF000AFFE00002C700000CE0F0000A0000000C0
:107B0000E140000000160000007100000890000035
:107B1000E0010000CB4600000390000024E00000DC
:107B20000FD9000044C0000004200000800F0000B6
:107B3000000000007FFF0000001E00000470000035
:107B400009900000E0E100008A200000C70F00005B
:107B5000001E0000051200000C1E00004510000071
:107B6000FE1E0000049000000FD800004E0F000021
:107B70006FFE00001A1E000005100000F0D8000083
:107B80006E0D00002FFE00002C7100002A0F000077
:107B9000CFFF0000DB43000000800000480400002D
:107BA000031300008D30000021F000001A250000B2
:107BB000801F0000000000000020000005200000E1
:107BC000800F0000029000006E0100006090000035
:107BD000AF7800000E0F0000EFFE00000843000029
:107BE00014700000614000002C710000020F0000C2
:107BF000EFFE0000CF230000210000001470000001
:107C0000CF23000021010000782300004004000081
:107C1000C34100007000000001000000CA0A00001B
:107C20002FFE0000A1420000A57100000413000017
:107C300080300000BF080000658300002C70000049
:107C40000FD80000E20E00006FFE00000FD9000008
:107C500004C000002C710000001E00000470000031
:107C600009900000E0E100008A2000000802000006
:107C70001A1E000005100000001E00000470000025
:107C80000390000004E00000CE0D0000AFFE0000F5
:107C9000E1400000020F0000A0000000E1400000F1
:107CA00020D80000DE0C00002FFE00002C71000028
:107CB000001600008D700000008000005D000000D4
:107CC00089ED0000001600008070000000800000B8
:107CD000670000000B080000FE00000018DD000037
:107CE00030DD000003C60000E14000001A2600005D
:107CF0008E1F00001000000000000000960D000024
:107D0000AFFE00002C72000000C000002C710000CB
:107D10008A0D0000EFFF00004C700000021300000D
:107D20008230000001130000813000000AF00000E2
:107D300000C00000F420000040000000B348000034
:107D400000C000003478000060B000002471000022
:107D5000F10A00004580000001C00000A20E0000F2
:107D60006FFE00002C71000000C1000055200000D3
:107D700000080000C57800004C7100007E0E000075
:107D8000E00000006C710000001E000005700000A3
:107D90000390000004E00000001E000005700000D9
:107DA0000590000076E0000002C00000001E000008
:107DB0000470000005900000AAE00000120E000010
:107DC000CFFF0000802400000236000004140000F1
:107DD0001B340000C6C600002190000046210000B0
:107DE0000106000021B000002290000004210000E4
:107DF000810F000000000000FFCF000022B0000053
:107E000023900000462100000106000023B000007E
:107E10002490000004210000810F000000000000F9
:107E20003DDE000024B00000259000000421000089
:107E3000810F000000000000F8F3000025B00000F2
:107E40002090000004210000810F000000000000CD
:107E5000F4FE00008521000044000000E07F0000E7
:107E600020B00000E0780000E2C20000520B0000E9
:107E70008FFE00006F250000431300006095000096
:107E800020DA000040D900008C230000CA850000E1
:107E9000CA2200002D0C00008C230000D0890000B5
:107EA000CA2200004D0000008C230000D88F000083
:107EB00050D90000CA2200004D0000008A210000B5
:107EC000CA0500003C210000C10000008C23000016
:107ED000D0890000CA210000AD0000008C23000002
:107EE000D88F0000CA210000ED000000D37300000D
:107EF000000000005F090000CA2100002D01000001
:107F0000052100008C000000FE150000819000009B
:107F10005A200000000400001A210000830F000016
:107F20002000000000000000C34100000490000099
:107F3000F800000004200000800F00000000000096
:107F4000F01F000081B8000005230000420000007F
:107F5000247200006579000080B2000000B10000CA
:107F6000C2C60000E0780000E07E0000E07800007B
:107F7000E4C00000C343000008900000EA010000D4
:107F80004093000081930000042200008E0F000047
:107F900000000000FFC00000001600000271000099
:107FA00000800000640000005D7A00005D7A00003F
:107FB0005D7A0000442200004D000000B86000001F
:107FC0009A2000000400000000200000800F000044
:107FD0000000000000FB0000C578000000B30000B6
:107FE000B86100006C2400004211000065B8000078
:107FF0004578000001B30000C4C40000E078000030
:10800000E4C200004846000028430000AE0A000019
:10801000AFFE00000A260000003000000845000006
:108020000A2000008007000061410000B60A00003D
:10803000AFFE0000C1420000004100009E0F0000A2
:10804000EFFF0000A1400000C4C60000E07800007F
:10805000E4C10000004200007820000000000000A1
:10806000236800006F20000043020000A088000089
:10807000001A00004230000069100000800000007B
:10808000A308000030000000A2C1000001CA0000E7
:1080900051080000300200008D7000001708000039
:1080A0009002000025080000300300002C70000042
:1080B0005108000051030000001C00008132000044
:1080C00023F0000000160000807000000080000017
:1080D000F90300003B0800009F010000041C0000A1
:1080E0004132000016F00000001C00008132000048
:1080F000001600008070000000800000F9030000FE
:1081000013080000BF0100002C71000000160000E1
:1081100000710000049000004E0000001D080000E7
:1081200051000000041C00004132000005F0000076
:10813000041C00004130000040C400002C7200000C
:1081400004F00000001C0000413200002C7100000F
:108150001A2500008D1F0000200000000000000014
:1081600080C3000016F00000804B00008571000005
:108170001A200000800F0000000000000020000016
:10818000A5780000052000008E0F00000090000080
:108190000001000000960000042000008B0F00008A
:1081A00000000000BFFF000086B80000CA200000E9
:1081B000C102000000B60000D90C0000649000006D
:1081C00054700000C4C50000E6C200006F26000025
:1081D000C3150000408E00000845000017EA0000AB
:1081E0003A0C0000EFFE000040400000084700008D
:1081F00087E80000C3410000D60000000100000035
:10820000D60F0000EFFD00000C700000E140000000
:108210009A20000001000000057F0000BB780000EC
:1082200005200000800F00000390000092FE000077
:10823000E0B00000FF1600008290000016EA000087
:108240000A0C0000EFFE0000404000008C220000FD
:10825000C38F000009F2000088E80000C34100005D
:10826000D700000001000000A20F0000EFFD000099
:108270000C7000000C700000BB79000005210000AC
:10828000810F0000039000009AFE000000B1000082
:10829000C6C60000E0780000F1C000000016000033
:1082A0008270000000800000090000001AEA00004F
:1082B000230A0000300A00000C7200008C2200002B
:1082C000038C00000CF20000F8E2000004F400004F
:1082D0000C71000009F00000C3410000D80000004C
:1082E00001000000660F0000EFFD00000C700000B0
:1082F0000C7000005F2000000104000025780000E1
:10830000001E00000470000005900000A0E00000C6
:10831000D1C00000E07E0000E4C20000CB450000B8
:1083200000800000CC0600006695000008460000B2
:108330000C740000C3410000460100000200000070
:10834000720C00006FFE0000C142000006950000A4
:10835000C14100005E0C0000A00000004C71000054
:108360000016000080700000008000000100000086
:10837000E3B80000C14000009C0E0000A200000015
:10838000A1410000C4C60000E6C000000A260000AB
:1083900040300000004100000C700000C3420000AB
:1083A0000390000064FF000000B20000041A000007
:1083B00045000000C34200000080000048040000A7
:1083C000041200008B000000E38A00003FF0000070
:1083D00032270000821F000000800000DC06000041
:1083E000062600008D300000AF7A00008C220000CD
:1083F000C38F000019F400001A270000831F00003B
:108400000000000000200000C342000002900000B5
:10841000641F0000052300008C000000447400006D
:10842000657A000020B400004D0E00003F320000CD
:1084300000B20000C34200000390000064F100009D
:10844000001A000005000000041A000045000000AA
:108450001CF000008D70000015F0000054F70000C3
:10846000814300001A270000821F00000000000066
:10847000002000009A23000008000000457B000057
:10848000C3420000029000006401000005230000C8
:108490008E00000044740000457B000020B6000000
:1084A000001B0000050000008571000006ED0000C3
:1084B000D70C0000749200002F25000042930000AA
:1084C000E5710000890B0000C5930000C6C40000E0
:1084D000C342000004900000100100000092000060
:1084E0004F20000001010000A4B8000020B20000ED
:1084F000E07F000000B20000E6C20000FC1C0000AB
:10850000C8B6000082240000093700006F21000077
:108510004308000044C00000008900000912000068
:108520009B3000004FC00000F4110000808000006C
:1085300049C0000004C000000F080000B5010000A1
:1085400039D9000004C000000D0900002F00000010
:10855000CD71000004C00000782000008E030000F0
:1085600004C00000AD7000001F080000F50100000D
:1085700045C5000004C0000058D9000017090000DC
:108580002E000000AD70000004EE0000F6090000AF
:108590004FFE000004F000000E0A00004FFE000035
:1085A0000845000004C0000078250000011000000C
:1085B000792000000001000005200000408000003C
:1085C0004BC00000B40A000061FE0000C140000082
:1085D00009C0000000160000837000000080000049
:1085E000010000002C7000001A200000800F000025
:1085F0001000000000000000B4DA00004EC00000CF
:1086000078230000003000004AC00000360A000055
:108610002FFF000055240000403F000090C00000E4
:108620002A0A00002FFF0000B4DA000004C0000096
:10863000E2BB00006F7100007920000080010000A3
:108640004DC0000004C00000CA230000E133000058
:10865000ED70000069B800004CC0000005C00000CB
:10866000147400005A01000026000000C1410000FF
:10867000160A00006FFE000005C0000048C00000A0
:1086800005C100000FC00000112000004080000064
:1086900083F2000005C00000C3410000008000001C
:1086A0004804000000A900000F78000047C0000047
:1086B000C340000000800000CC0600005A0C0000FF
:1086C0002000000007C1000056240000403D0000CB
:1086D0002C700000D20900002FFF0000B4DA000067
:1086E00004C000008EE000000C700000C600000016
:1086F0002D00000046C0000004C00000252000003E
:10870000000000002BF000002FF0000035F000000A
:1087100037F000000CF000000AF0000039F0000013
:1087200055F0000055F0000053F0000053F0000039
:1087300051F0000051F000004FF0000051F0000037
:1087400090C0000043C0000055240000403F0000DE
:1087500042C0000056240000403D000041C000001F
:108760000AC00000B5700000FFDB000040C0000040
:108770008A200000C70F00001C73000004C0000026
:108780006341000078200000400100005F200000ED
:1087900002010000D60E00002FFF000005C00000FF
:1087A000ED7100008CD8000025F0000007C000002B
:1087B0002E090000EFFF000056240000413D00009C
:1087C00034F0000007C000007E0A00002001000015
:1087D00056240000413D00002EF00000460A000033
:1087E000E000000007C000002AF0000005C0000003
:1087F000A14100004C70000024F0000090C0000077
:1088000042C0000055240000403F000041C000006D
:1088100056240000403D000040C0000005C000009C
:108820000AC3000063410000C208000060000000AD
:10883000A1420000ED710000C0D8000046C0000059
:1088400008C1000006C000000DC200006C710000ED
:10885000386000000EC10000257800000E090000FD
:10886000E000000056240000413D000046C7000023
:1088700008F00000F4EF000006F0000005C0000062
:10888000A14100004C7100007A0A00008FFF000037
:1088900009CA000007E8000006C7000005C0000084
:1088A0000471000045C000006DF1000004C000002C
:1088B000290800009003000004C000000F08000019
:1088C000D100000008C000004E0B00006FFE000049
:1088D00007C100000CC00000E10800003481000066
:1088E000522600000010000009C1000008C200006C
:1088F000860A00006FFE000007C30000E8F10000D8
:1089000008C00000320B00006FFE000007C100002D
:10891000E2F1000004C0000017080000D1000000D0
:1089200009CA000089E800000016000080700000FD
:108930000080000000000000E5B80000500B0000BF
:1089400042FE00000BC0000014700000CC080000C4
:1089500041FE0000001E00000370000000800000C7
:1089600014000000802400000937000004140000F7
:108970001B340000C6C60000E6C20000FC1C00005C
:10898000C8B60000AEC100004DC0000000160000D7
:1089900080700000008000000400000045C000005E
:1089A000960A0000AFFE000020400000C340000017
:1089B00000000000FFFF0000004100000042000036
:1089C0006E080000AFFE0000004300000FD800005A
:1089D0001A0800006FFE00000FD90000CB4700000E
:1089E0000390000004E00000221F000015100000AA
:1089F0008A200000C70F0000A71F00001C10000005
:108A0000A81F00001C1000000C710000FFD900001E
:108A100000B70000FE1F00000490000005B7000032
:108A2000B60C0000EFFF0000FC1F000004900000E7
:108A3000CB4600000080000048040000038E0000C8
:108A400046C000006F20000043020000FD1000003F
:108A50009E8000005F260000003100000D780000BD
:108A60001C7900003C7900003C7900003C79000052
:108A70003C79000006C000003C7900003C79000011
:108A80002478000042C00000048E00004BC00000AB
:108A9000247800004CC0000005C000001A2000002F
:108AA000800F0000100000000000000048C000001F
:108AB000028E00004AC00000018E00000302000088
:108AC0002000000049C00000130E00005E310000CD
:108AD00002C0000004AE000003AE00001B780000DE
:108AE00001AE00000471000002AE00006F730000D0
:108AF000AD7000000C77000043C00000B0F0000033
:108B0000001E0000C2160000001600008070000069
:108B1000008000001000000011200000C08600004E
:108B2000A5F200000C71000044230000C1370000D2
:108B300005E9000061B90000FF0900003180000074
:108B40001B78000041C00000C3400000008000000E
:108B5000CC0600000E0A0000200000002F210000BB
:108B6000C706000001C000002C7000006A0F000062
:108B70002FFF00000F7800000C700000720D000045
:108B8000EFFD00002C7100000C70000047C00000D9
:108B900002F00000A57100009FE50000FE0000004B
:108BA0000900000005C000001A200000810F00002D
:108BB000200000000000000005210000800F0000E0
:108BC0000590000040E00000A0B000006F20000011
:108BD00043020000FD10000080800000110800002A
:108BE0005F01000005210000800F000003900000DD
:108BF00040E000000EF0000002C000001A2000005B
:108C0000810F0000000000000010000008C00000FC
:108C1000257800001B78000005200000800F000070
:108C20000290000040000000A0B00000920B000085
:108C3000EFFE000014D80000D20E00008FFF0000ED
:108C40000DC000002C7100000A0D0000EFFD0000B7
:108C500010780000038E000041C000000C7000007E
:108C600044C000003CF0000001C000002C70000077
:108C70006C7000001A200000820F0000000000004D
:108C80000020000005220000800F0000029000007C
:108C900070010000009000000EF000009A2000001B
:108CA000080000004578000005200000800F00004B
:108CB00002900000660100000090000005E800003E
:108CC000307800000F200000C10000006471000037
:108CD000E70B0000348200006040000001C000008B
:108CE00000200000800F000000800000CC06000083
:108CF00010880000062100000000000004C10000F0
:108D00002F26000008F000000579000044C1000093
:108D10000AF4000001C300000C740000C34100000D
:108D20000E00000003000000634200007E0F000000
:108D30002FFE000040C5000004C0000010780000B5
:108D400044C0000001C000000471000041C00000E8
:108D5000248E000001C00000890900002580000069
:108D60000FD80000520E00002FFE00000FD90000A7
:108D700004C00000130800001180000003C00000C0
:108D8000082000004003000043C000000C710000F8
:108D900047C0000007C00000C341000011000000F0
:108DA00001000000060A0000EFFD00006342000021
:108DB00003C500006777000077700000A40600007C
:108DC000CAFF000003C00000C34100001300000000
:108DD00000000000127800002F2000000D000000AD
:108DE000E6090000EFFD0000C0B8000005C000006B
:108DF00000160000817000000080000024000000C8
:108E00001A200000830F0000200000000000000076
:108E100003C000003860000005230000820F00003E
:108E20000590000040E0000049200000C10700005C
:108E300020B200006F20000043020000FD1000007F
:108E40009E8000001F0E00005F310000052300001F
:108E5000800F00000390000040E00000C20D000001
:108E6000AFFF000020B000006F20000043020000B0
:108E7000FD1000009E8000000EF0000002C0000007
:108E80001A200000820F0000000000000010000007
:108E900008C00000457800001B7800000520000095
:108EA000800F0000029000004000000020B0000091
:108EB00002C000000471000042C0000002C10000B6
:108EC0000CC000001071000000060000CEFF000082
:108ED000150E00005E3100000BC0000004AE000063
:108EE00006C0000003AE00000AC0000002AE000091
:108EF00009C0000001AE00000C700000A71F0000B8
:108F00001C100000A81F00001C10000000B700008B
:108F1000AEC00000041400001B340000C6C60000F0
:108F20006EDA00009FBA0000F42200004100000049
:108F3000E0B900005F2100000108000004F4000017
:108F4000F212000001810000842100001C000000DA
:108F500004200000800F000000000000FFF8000067
:108F6000E07F000025780000E2C200000845000014
:108F700001900000DA0F0000EFFF0000284300001E
:108F800001B5000002950000360800002000000036
:108F90006141000002B50000059500000E080000C8
:108FA000200000006141000005B50000C2C60000BD
:108FB0006EDA00009FBA0000F422000041000000B9
:108FC000090900001F000000FA12000001810000E2
:108FD000842100000700000004200000800F000032
:108FE000000000003FFE0000E07F00002578000048
:108FF0006EDB00009FBB0000F42300004100000076
:10900000C342000000000000000E00000B09000039
:109010001F000000F41300000181000044790000EB
:1090200004200000800F000000000000FFF100009D
:10903000E07F0000257800008C200000C38F000036
:1090400009F2000021080000D1010000C341000026
:1090500004900000380200000019000045000000E4
:1090600006F00000C3410000049000003802000038
:1090700000190000050100000019000005000000B3
:10908000C3410000189000006400000000B100001F
:10909000250000002000000002190000050000006B
:1090A000C3410000189000006400000010DA0000C6
:1090B00000B1000061BA0000FF0A0000318000002A
:1090C0001D78000002B1000009000000200000002F
:1090D0000219000005000000C341000018900000C4
:1090E0000800000000910000FF0800001F80000041
:1090F0005E1900004500000000910000010800001A
:109100001E000000E07E0000E2C2000000420000FD
:1091100000160000807000000080000001000000C8
:10912000270800003F0100002843000008D8000085
:10913000860F0000EFFF0000507D0000B60F00001A
:10914000EFFF0000404000006C70000007F00000DE
:10915000AA0F0000EFFF000004130000001400003D
:1091600064710000F90B000044830000C2C60000D7
:10917000E6C20000FC1C0000C8B60000822400000B
:1091800006380000084700006F200000430200007E
:10919000C0880000FC1000008D80000050C100005D
:1091A000E14000002C7000005BC300007A0C00005E
:1091B0002FFE00004FC20000DE0B00002FFE00005B
:1091C0005DC000001843000055240000C03E0000B0
:1091D0002C700000520C0000EFFE0000B4DA00001A
:1091E00055240000C0380000C3410000008000008A
:1091F000500400008A0F0000AFFD000060DA00009C
:1092000055240000C0380000DA0B0000A000000068
:1092100060D900000FC00000E6BD00004A26000033
:109220004030000051C00000CA2000006100000072
:1092300051C000006F140000003600000A21000039
:109240008007000044270000CA17000053C0000038
:109250006E140000003600000F0A0000101000001D
:10926000422200004A100000FD0A00003190000078
:109270003B79000054C000000FC000000BE8000064
:10928000C340000003900000C4F000003D0B00004C
:1092900030300000FFDA00008A220000C70F000013
:1092A00018F000000C70000011F0000044200000D5
:1092B000C207000006EA000061BA0000010A0000CF
:1092C000310000007B7B0000416800009A20000014
:1092D0000800000005200000800F0000039000003F
:1092E000C4E0000060B0000040400000E30800005F
:1092F000348200000A2300008007000003F0000011
:1093000040B000002F7800009A0B00002FFF0000F3
:109310002C7000000FC000002C7000008BB9000002
:1093200014700000C340000000000000000F0000A7
:109330003C7000004BC0000040D800004AC0000054
:109340000FC00000FFDA00001C1C00008331000089
:1093500079200000010000000169000069C00000E0
:1093600010C0000043C7000048C0000055240000A2
:10937000C03E000046C0000013C0000045C0000011
:1093800014C0000044C000000FC0000008E8000046
:10939000777000008A200000C70F0000CA2000007C
:1093A0008100000003F00000FFD800004CC0000066
:1093B0000FC00000341C000003300000251C00001A
:1093C0000330000014700000C34000000080000063
:1093D0004804000003880000001600008F700000A1
:1093E000008000001F0000003B7A00005F200000AA
:1093F000400200005B7A0000C1BF00005B7A000001
:109400004EC00000CA200000220200004EC0000032
:10941000C3400000008000004804000004880000F1
:1094200010DB00005F2000004D020000330F000041
:10943000F01000008D7200005F2700000012000095
:10944000C34300000800000004080000442000009E
:10945000CC07000006EC000061BC0000010C00001D
:10946000311000007D7B0000C4B80000CB44000038
:10947000020000000804000005E8000061B80000D8
:10948000FF080000318000009D7C0000016A0000A0
:1094900052C000001A2600008E1F000010000000BD
:1094A000000000006D140000003600005F21000085
:1094B000010200004C70000050C00000184D000078
:1094C0005EC6000059C0000055C200000EF000004A
:1094D0008F780000A16A00000D0A00003F00000024
:1094E000AC78000084200000830F00001378000097
:1094F0009FC60000DA62000000AA0000A14200003E
:109500006F780000E90A0000248000005CC00000C1
:109510002F7800006F71000058C00000CDF00000EF
:10952000420800006FFF000083C000000EC500006D
:109530001AF00000B60F0000AFFD0000AF78000089
:1095400014C10000B47900000EE800000091000092
:1095500090E8000055240000C03E0000F420000008
:109560004003000042200000000800002F260000F9
:1095700006F000000E0000000400000006F00000ED
:10958000C340000000000000FF1F000000B1000009
:1095900012C000001D65000019C00000CF080000C7
:1095A0006583000083C000000E0A00004FFF00002A
:1095B0000EC5000019F00000720F0000AFFD0000A2
:1095C000AF78000013C10000B47900000DE800007E
:1095D000009100001F080000F10F0000552400005A
:1095E000C03E0000F520000040030000130800000A
:1095F0003208000020E0000004F00000C34000003A
:109600000000000000E0000000B1000012C00000F7
:109610001D65000019C00000D1080000658300002E
:109620006F70000015C000000EC500000F7800002C
:109630005AC000001AC100001CC0000010710000D8
:1096400011C00000CA2000006100000051C00000ED
:10965000C3400000008000004804000003880000B0
:1096600056C000006BF0000018C700006D720000CB
:109670005FF00000190F0000111200000FC0000081
:1096800088E8000010C00000B079000034780000C5
:10969000F01000000181000020B0000053F0000035
:1096A000FE0E0000AFFD0000AF7800009F08000034
:1096B00030000000B079000014C00000F520000068
:1096C0004200000013C00000F5200000430000002D
:1096D000504B000048200000000000000E7C0000FD
:1096E000730C0000B31100000C7300003C2000005C
:1096F000CE0300007B0B0000A0130000E14300003C
:1097000011C0000017C20000C34100001C0000008F
:109710000300000078200000000000004A0D000057
:10972000AFFD000040C40000E14000009A200000AE
:10973000010000006F710000C94300000420000018
:10974000810F0000FE37000000FF00001DC0000078
:1097500055200000C20800001EC00000057A00006D
:1097600017C000001A200000800F00000000000059
:109770000010000045780000257800001B780000EC
:1097800005200000820F0000029000000000000091
:10979000609200001AC000009FC100003321000049
:1097A00000000000786000000E78000048200000F3
:1097B00000000000492000000008000000B2000086
:1097C00009F0000010C0000014200000410000005B
:1097D000586300001C7800004820000000000000D2
:1097E00000B10000A5710000E5710000470F000006
:1097F0005492000012C00000B8600000A968000088
:1098000016C000000471000056C0000016C0000021
:109810000F78000057C00000C34000000080000027
:10982000480400002488000017C00000210900003F
:109830002580000077700000700E0000C2FE00005E
:1098400015C000000471000055C0000077700000D2
:1098500034F500001BC00000970800003000000035
:109860000C740000C34100001D0000000000000057
:10987000DA0900000FFE0000C34000000080000075
:1098800048040000A388000038F0000018C700005A
:109890002DF000000B0F0000111200000FC000009F
:1098A00025E800000EC00000FA0D0000AFFD00002A
:1098B0000F78000019E800000EC000001B780000BF
:1098C00004200000810F000001000000FEFF0000E6
:1098D00014C00000352000004300000013C0000049
:1098E000352000004200000010C0000035200000BC
:1098F00040000000C34100001F0000000500000000
:1099000041C2000042C000000C74000040C30000CF
:1099100005F000000C740000C34100001E000000B0
:1099200002000000C14200007E0900002FFE00007E
:10993000E14300000EC00000E5710000047100006A
:109940004EC00000AB0F0000549200000EC000009B
:10995000A57100001079000012C0000038600000FE
:10996000047700004EC00000C340000000800000EB
:109970004804000004880000AF7E00008B0800004F
:1099800085830000001E00000570000003900000A9
:1099900004E00000802400000638000004140000E9
:1099A0001B340000C6C60000E6C20000FC1C00001C
:1099B000C8B6000082240000033A000038430000CB
:1099C00052C000000F7800002C71000051C300004D
:1099D000484500000A0F0000EFFD000053C00000E2
:1099E0004114000000360000001E00000572000057
:1099F0000F90000022E0000011C3000054C00000DE
:109A000042C0000040140000003600006341000026
:109A10004C70000055C0000041C00000FC14000064
:109A20000030000050C0000040C00000A60B000045
:109A3000EFFF000012C0000013C00000D60E0000AF
:109A4000EFFD00002C700000C3400000008000000B
:109A500048040000048800004FC00000C34000001C
:109A60000080000048040000C38800005F2600005A
:109A70004F120000A7ED000075F000000A2600005C
:109A8000C03300001FF0000010C00000F5200000EF
:109A900083070000402600005E3000007C78000054
:109AA000FFF8000061B80000FF08000031800000EE
:109AB0003D79000000F90000616A00009A22000070
:109AC000080000009A200000100000000579000046
:109AD0001A260000801F0000000000000020000087
:109AE0004578000005200000800F00000290000073
:109AF0006400000020B0000060420000C90A0000BD
:109B000014820000C571000009E700000FC00000CA
:109B1000B7080000A58300004C700000001600008C
:109B2000807000000080000069000000E3B80000C1
:109B300086030000220000002C710000560E000079
:109B4000EFFD000013C00000F20F0000EFFD000069
:109B50000C7000005524000000380000C3410000D4
:109B600000800000B0040000CE0A0000AFFD00003D
:109B700066DA00005524000000380000220F0000C3
:109B80006000000066D90000C340000000800000B3
:109B900048040000048800004FC00000C3400000DB
:109BA0000080000048040000E38800005F270000F8
:109BB0005E1200006AF00000694500008FBD0000E1
:109BC000422500005B1000000A260000C0330000A0
:109BD00013F00000CF780000B60E00006FFF000009
:109BE0002F210000C70200000AE8000010C000009A
:109BF000AE790000F5200000800700000D0800008D
:109C0000E3060000082000004D000000184300009B
:109C1000402600005E30000065710000DF0B000090
:109C20001492000010C00000C571000009E7000098
:109C30001420000081070000AE780000637000006F
:109C4000442800008000000000B100000FC00000A8
:109C5000B5080000A58300006D700000150300002A
:109C600000000000CB43000000000000FF7F000068
:109C7000402300004E100000AD7000000A230000D9
:109C80008037000012F00000EF7800005E0E000048
:109C90006FFF0000AF7900000AE8000010C000006C
:109CA000CE790000F5200000C00600000D0800007D
:109CB000E3020000082000004E00000008430000FE
:109CC00067710000A5710000E10D000034920000F2
:109CD000CE780000002300000B100000442B000091
:109CE00082100000402600005E3200004E7B000023
:109CF0007C780000B5F8000061B8000001080000A1
:109D0000310000003D790000B5F800009A20000005
:109D100010000000057900001A270000801F0000D5
:109D2000000000000020000005200000800F00005F
:109D3000029000006410000020B0000096C00000F7
:109D4000F478000040B000009BC00000F4780000F0
:109D500020B00000E57100000FC00000870800007F
:109D6000E58300000C700000BE0B0000AFFD00009A
:109D7000FFD9000000120000833000002C710000A9
:109D8000CD700000FFD800008EB900004C750000B7
:109D900043C6000042C6000041C60000A20C0000FD
:109DA000AFFD000040C60000FFD8000080D90000D1
:109DB0004C7500006C74000043C6000042C60000F1
:109DC00041C600008E0C0000AFFD000040C6000040
:109DD0000C700000460C0000AFFD00002C7100006C
:109DE0000C710000D60A0000AFFF0000FFD9000090
:109DF0008A200000C70F0000CB470000039000003E
:109E000074E1000000B7000001B7000012C00000BC
:109E10002C71000044200000CD070000204000000D
:109E200005ED000061BD0000FF0D00003190000055
:109E30001B7800004FC00000D5740000FA0000003D
:109E40000D0000000FC00000420A000020000000CA
:109E50000F7800000FD80000D60D0000EFFD0000C5
:109E60000FD900000C700000FA0B0000AFFD0000DD
:109E70002C710000C3400000008000004804000076
:109E8000A38800006F70000060F00000BE0E0000AC
:109E9000EFFD0000AF780000B708000030000000C0
:109EA0000C7000001A250000821F00000000000056
:109EB000002000002C7000000BF000009A20000031
:109EC000080000004578000005200000800F000019
:109ED000029000006601000000900000196100007F
:109EE00060400000EF08000034820000616800005C
:109EF0008B09000030000000002300005B300000F0
:109F0000210E00007010000096C00000250E000019
:109F1000F010000096C00000250E00003111000076
:109F20000C700000C341000024000000010000008C
:109F30003E090000AFFD0000A142000033F0000028
:109F4000F4200000400300000474000014F000003E
:109F5000F42000004003000008E0000010F00000C2
:109F600096C00000F42000004103000008EE00004D
:109F700015090000740200000C700000422100006E
:109F80000002000006F00000090900007401000052
:109F90000C7000000C6900000E7A00005C78000074
:109FA0005FF8000061B80000FF0800003180000089
:109FB0003D79000038620000C4B80000314800005C
:109FC000442A0000000800009A2000001000000051
:109FD000057900001A250000801F00000000000025
:109FE0000020000005200000800F0000029000000B
:109FF0006410000020B000009BC00000B478000096
:10A0000020B00000A5710000C340000000800000E7
:10A0100048040000048800003B080000658300003D
:10A0200077700000C571000084F500000C7000001E
:10A0300000B7000001B700006EC0000049C000007A
:10A0400068C0000047C0000014C00000FFD9000035
:10A050004DC1000046C0000015C000002C7000007B
:10A060008BB9000045C0000012C000004CC10000C8
:10A0700040D900004BC1000044C0000084C0000073
:10A080009BC100004C7100001E0D00002FFE00005F
:10A09000281C00008530000084C000009BC1000027
:10A0A000120D00002FFE00004C700000C3400000A5
:10A0B0000080000048040000048800005F200000C9
:10A0C0005B020000C3400000008000004804000064
:10A0D000A388000011C000005F2500004F1200009F
:10A0E0000BE80000C3410000250000000000000054
:10A0F0009A0D0000EFFD00000C740000C34000004A
:10A100000080000048040000A388000040230000F5
:10A110001B32000008E700003AF0000015C0000004
:10A12000F5200000C203000014C00000F52000006C
:10A13000C1030000586100001C7B000010C000003B
:10A14000482300000C000000F478000080B00000FC
:10A150005A0D0000EFFD0000AF7800001EE800007F
:10A1600050490000482000000E00000011C000000F
:10A170000CE8000042C3000041C1000040C20000E2
:10A180000C740000C341000027000000050000001F
:10A19000A14200004A0D0000EFFD000008DB0000B6
:10A1A000CE78000040C000007F2000004001000089
:10A1B000C34100002800000003000000A14200008D
:10A1C000F60F00006FFD000008DB00000CF000003F
:10A1D00011C000000AE800000C740000C341000038
:10A1E0002600000002000000A14200001E0D000039
:10A1F000EFFD000008DB0000A571000009E700008A
:10A200008F0B0000E5B300002C700000001E000062
:10A21000057200000F90000022E00000001E000008
:10A22000057000000390000004E00000DE0A00005A
:10A23000EFFD000013C0000010F000007A0C0000D9
:10A24000EFFD00000C70000014C0000011C30000FE
:10A250006341000042C0000015C000004C710000C6
:10A2600041C0000010C0000040C00000860F000088
:10A27000AFFF000012C00000360C0000CFFD000050
:10A2800080240000033A0000041400001B34000086
:10A29000C6C60000E07800001C7800001C780000B2
:10A2A0001C780000004100001BD80000E07E000088
:10A2B00038630000C4B8000031480000442B00009F
:10A2C00000080000E07E0000E6C20000FC1C000068
:10A2D000C8B60000A8C10000020A00002FFE00005E
:10A2E000084600007E0A00002FFE000045C0000066
:10A2F000860A00002FFE000047C00000C341000096
:10A3000000000000CCCC000044C000006C700000D5
:10A310000FD8000020420000684500007E0B0000BE
:10A320002FFE000040C30000CB47000000000000EB
:10A33000FFFF000008D80000E1410000E1420000FA
:10A340006C7000006A0B00002FFE000040C500008A
:10A3500005C000000F78000046C0000006C10000E4
:10A36000C2080000AFFD00000C70000000120000E9
:10A3700083300000FFD800002C7000004C750000F6
:10A3800043C5000042C5000041C50000AA09000005
:10A39000AFFD000040C50000FFD80000C341000031
:10A3A00000000000004000004C7500006C740000CC
:10A3B00043C5000042C5000041C5000040C5000083
:10A3C0008E090000AFFD000038430000CF7E000082
:10A3D0004F23000081320000FFD800004C700000C5
:10A3E0007CDB00000C1C00004130000042C6000075
:10A3F00041C5000076090000AFFD000040C5000027
:10A4000008CA0000C3410000000000000075000001
:10A410004C72000043C00000FFD8000042C600009C
:10A4200041C50000001C0000803F0000000000004B
:10A430000010000056090000AFFD00006C74000021
:10A4400004C000004C75000043C50000442000001B
:10A45000410000003860000010E000000F780000AC
:10A4600044C0000004C30000FFD8000080D90000F1
:10A4700042C5000041C5000032090000AFFD0000E8
:10A4800040C500000C700000EA080000AFFD0000AD
:10A490002C710000C34100000000000033330000B5
:10A4A000C343000000000000999900000FD800008D
:10A4B00020420000B20A00002FFE000040C300004E
:10A4C000C3410000000000005555000008D80000FE
:10A4D00020420000E14300009E0A00002FFE000021
:10A4E00040C7000006C10000FE0F00006FFD000025
:10A4F0000C7000000012000083300000FFD8000044
:10A500002C7000004C75000043C5000042C50000DF
:10A5100041C50000E6080000AFFD000040C5000096
:10A52000FFD80000634100004C7500006C72000011
:10A5300043C5000042C5000041C50000D20800002C
:10A54000AFFD000040C5000008CA0000C341000084
:10A5500000000000007500004C72000043C00000C5
:10A56000FFD8000042C6000041C50000001C0000EA
:10A57000803F00000000000000100000B208000052
:10A58000AFFD00006C74000004C30000FFD80000A1
:10A59000634100004C75000043C5000042C6000046
:10A5A00041C500009E080000AFFD000040C500004E
:10A5B0006A0E0000EFFD0000C140000008CA000064
:10A5C000C34100000000000000750000ACB90000AD
:10A5D00043C00000FFD800004C71000042C60000DC
:10A5E00041C50000001C0000803F0000000000008A
:10A5F0000010000076080000AFFD00006C74000041
:10A60000060E0000EFFD0000C140000005C1000083
:10A6100007C000004C75000043C500001420000076
:10A620004100000058490000C0B800003860000038
:10A6300028E000000F7B0000FFD800002C70000015
:10A6400042C5000041C500004A080000AFFD0000FF
:10A6500040C500002F210000C0060000FFD8000008
:10A660004C7500006C7200000C1C0000C130000032
:10A6700042C5000041C5000032080000AFFD0000E7
:10A6800040C50000FFD800002C7000004C75000091
:10A6900010DB000043C5000042C5000041C50000BA
:10A6A0001E080000AFFD000040C500008A20000029
:10A6B0001000000040C00000FFD800002C70000017
:10A6C0004C76000026DB000043C5000042C60000B7
:10A6D00006080000AFFD000041C50000FFD80000E3
:10A6E00080D900004C7500006C74000043C5000068
:10A6F00042C5000041C50000F20F00006FFD0000E0
:10A7000040C50000A8C00000041400001B34000075
:10A71000C6C60000E0780000E6C20000FC1C000095
:10A72000C8B60000ADC10000084500000C71000073
:10A7300044250000C317000005EB000061BB0000CA
:10A74000FF0B0000318000001B78000047C00000B4
:10A75000C340000000800000CC060000C190000053
:10A760000191000045C20000052600008F1F000077
:10A77000000000008010000087B8000046C0000004
:10A7800005C0000088E80000C1400000CE0B0000BA
:10A79000AFFF0000A1410000C947000046C0000013
:10A7A0007ED900009FB900002865000048C0000065
:10A7B00092110000808000002C7000004AC0000050
:10A7C000C340000000800000CC060000A290000002
:10A7D0008A0E00006FFD00000C70000000120000E7
:10A7E00083300000CD700000FFD800002C70000006
:10A7F0004C75000043C6000042C6000041C6000080
:10A800006E0F00006FFD000040C6000007C0000092
:10A81000FFD90000277800004BC00000042500008D
:10A82000801F0000FFFF0000FFF1000049C0000092
:10A8300068F0000044260000C117000006E900008F
:10A8400061B9000001090000310000001B78000020
:10A8500044C0000004C100000AC000000421000040
:10A860000D80000013F2000005C0000011E8000098
:10A8700004C000002C7000004C7300000F78000032
:10A8800042C0000009C0000018DB00000C1C0000E2
:10A890000130000040C00000FFD80000FE080000AA
:10A8A000AFFD0000041C000081300000F0780000C3
:10A8B000CF7900003A0B0000AFFF00004CC1000050
:10A8C000084700000BC000000B7D000041F20000B3
:10A8D00004C00000AD7000002F230000073000000E
:10A8E00005C0000006E8000004C1000008C0000028
:10A8F0000B79000009F200000C71000043C5000054
:10A90000081C0000C036000041C0000040C7000025
:10A9100029F00000C340000000800000CC060000C9
:10A92000059000004A0B0000AFFF00000CC10000C2
:10A9300044C0000004200000800F00000000000060
:10A940003FFE000040C00000FFD800002C70000057
:10A950004C73000018DB000043C50000081C000019
:10A96000C03600009A080000AFFD0000041C000083
:10A97000413100000C71000041C0000004C0000023
:10A9800004270000811F000000000000FFF8000005
:10A9900043C500005A20000000010000081C000010
:10A9A000C0360000842000001C0000002578000054
:10A9B00040C00000FFD800002C7000004C73000065
:10A9C0006A080000AFFD000018DB0000C571000040
:10A9D000330E0000349100000C71000007C000002D
:10A9E0002C7000004C7300000F78000042C0000083
:10A9F00006C0000018DB00002845000010780000A9
:10AA000040C00000FFD8000043C10000460800001D
:10AA1000AFFD0000041C000041300000FFD8000022
:10AA20002C7000004C75000032DB00000C1C000094
:10AA30000134000042C5000041C50000520E000074
:10AA40006FFD000040C50000FFD8000080D9000065
:10AA50004C7500006C74000043C5000042C5000046
:10AA600041C500003E0E00006FFD000040C5000023
:10AA70000C700000F60D00006FFD00002C7100004E
:10AA8000ADC00000041400001B340000C6C6000066
:10AA9000E6C20000A4C10000A20E0000EFFD00000D
:10AAA00008470000084500000C7000001E0D000063
:10AAB0006FFD000008D90000001200008330000084
:10AAC0002C700000FFD800004C75000028460000E4
:10AAD00043C1000042C1000041C10000020E00005D
:10AAE0006FFD000040C1000062080000AFFD0000E3
:10AAF000FFD80000CA0B0000EFFD0000E14000009D
:10AB00002C700000204000008CB8000040C0000005
:10AB1000FFD800004C7100006C74000043C60000B8
:10AB200042C70000DE0D00006FFD000041C60000BE
:10AB30006E0B0000EFFD0000E14000004425000026
:10AB4000401000001D6500005E4D00000F7B0000FE
:10AB5000FFD800002C7000004C75000043C60000B8
:10AB600042C6000041C60000BA0D00006FFD0000A3
:10AB700040C600002C700000FFD800008FB9000014
:10AB80004C7500006C7200000C1C0000C13000000D
:10AB900042C6000041C60000A20D00006FFD00008B
:10ABA00040C60000FFD800002C7000004C7500006B
:10ABB00010DB000043C6000042C6000041C6000092
:10ABC0008E0D00006FFD000040C60000BE0F0000AB
:10ABD0006FFD0000FFD80000FFD8000080D9000002
:10ABE0004C7500006C74000043C6000042C60000B3
:10ABF00041C60000760D00006FFD000040C6000059
:10AC0000A4C00000C6C60000E6C20000FC1C000094
:10AC1000C8B60000ABC1000047C0000096D80000D5
:10AC200048C20000060F00002FFE0000284500006B
:10AC3000E60D0000EFFD000018430000084600008C
:10AC40005A0D0000AFFD00000C7100000C700000F8
:10AC50004A0C00006FFD0000FFD900000012000048
:10AC600083300000ED700000FFD800002C70000061
:10AC70004C75000043C7000042C7000041C70000F8
:10AC80002E0D00006FFD000040C7000044230000AF
:10AC9000403000006370000049C0000044260000FE
:10ACA00040100000D860000046C000000C71000099
:10ACB000C4BD000006ED000061BD0000010D0000F4
:10ACC000311000001B780000DB4300000000000092
:10ACD00000100000AD7000004AC0000044C5000034
:10ACE0006EF000000AC000004C7300000F7E0000F0
:10ACF00004C0000012DB000043C700001472000013
:10AD000007C0000042C60000041C000081310000A2
:10AD1000CF200000E201000040C00000BE0E000095
:10AD20006FFD0000FFD8000009C000002C7000007B
:10AD30008EB900000F78000045C0000005C3000078
:10AD4000FFD800004C75000043C7000042C7000058
:10AD500041C70000C60C00006FFD000040C70000A6
:10AD600008C00000970800001000000004C00000A8
:10AD70008F08000031000000FFD80000C341000030
:10AD800000000000004400004C7000007CDB00006C
:10AD90000C1C00004130000042C6000041C500000C
:10ADA0009E0C00006FFD000040C500002BF8000065
:10ADB0000C1C00000131000042C6000041C500002B
:10ADC0008E0C00006FFD0000001C0000C03600006B
:10ADD00032D8000043C00000FFD80000C34100008B
:10ADE00000000000004400004C7200006C74000081
:10ADF00042C6000041C50000720C00006FFD00005B
:10AE0000001C0000C03600001FF800000C1C0000F1
:10AE10000131000042C6000041C50000620C000084
:10AE20006FFD0000001C0000C036000006C00000DE
:10AE30002C7000004C75000024E000000F7B000027
:10AE4000FFD8000043C5000042C5000041C5000016
:10AE5000460C00006FFD000040C5000005C3000067
:10AE60008A2000001000000040C00000FFD8000051
:10AE70002C7000004C76000043C5000042C6000064
:10AE80002E0C00006FFD000041C5000004C0000052
:10AE90000471000044C0000004C000002708000046
:10AEA000F48000002C700000FFD8000080D9000062
:10AEB0004C7500006C74000043C7000042C70000DE
:10AEC00041C700000E0C00006FFD000040C70000ED
:10AED0000C700000C60B00006FFD00002C7100001C
:10AEE0000A0C0000AFFD00000C700000ABC00000B9
:10AEF000041400001B340000C6C60000E078000007
:10AF00002C700000FFD8000090B900004C720000C7
:10AF10006C740000E07E0000E6C20000FC1C000033
:10AF2000C8B60000A5C10000384300000847000073
:10AF30000C700000FFD9000068460000D60A00002F
:10AF40006FFD000048450000001200008330000043
:10AF50000C70000044C0000043C0000042C000006C
:10AF600041C0000040C00000FFD800002C7000006D
:10AF7000B60B00006FFD00004C7500001EF00000D5
:10AF800004C0000032200000800F0000008000009C
:10AF9000980600002B0E00002F1000004C730000DC
:10AFA000F42300000130000041C0000004C0000094
:10AFB00018DB000014720000EC210000A10000006A
:10AFC0003078000040C00000FFD800002C70000066
:10AFD0000C1C0000013000005E0D00006FFD000041
:10AFE00042C7000004C000000471000044C000001B
:10AFF00004C00000C9080000D481000010ED00006A
:10B000008A2000001000000040C00000FFD80000AF
:10B010002C70000007DA00006C7400000C1C0000AB
:10B020000130000042C700005A0B00006FFD000015
:10B03000041C0000013000002C700000FFD800004C
:10B040004C75000042DB00000C1C000001340000C5
:10B050002845000042C1000041C10000420B000031
:10B060006FFD000040C10000FFD8000080D9000043
:10B070004C7500006C74000043C5000042C5000020
:10B0800041C500002E0B00006FFD000040C5000010
:10B090000C700000E60A00006FFD00002C7100003B
:10B0A000A5C00000041400001B340000C6C6000048
:10B0B000E6C20000FC1C0000C8B60000AFC10000E2
:10B0C000084500000C71000044250000C217000074
:10B0D00005EA000061BA0000FF0A000031800000AC
:10B0E0001B78000047C00000001600008F700000B1
:10B0F000008000000F00000000160000007100003A
:10B10000049000004A000000284600005327000079
:10B110005E1000004AC00000029100006E0F0000A7
:10B120006FFF0000A14100000043000005960000F1
:10B13000420F00006FFF0000A141000049C0000065
:10B14000241400001B3000006040000009DB0000F8
:10B1500061BB0000010B0000310000001D78000001
:10B16000532000008180000015F200001909000042
:10B17000700000000C72000011090000F0000000D7
:10B180000C7000000B090000B10000000C740000FE
:10B1900002F000000C76000009C100009A200000B7
:10B1A0000100000004210000810F000000000000E9
:10B1B0003FFE0000052000005B0000005F2500004E
:10B1C00000150000FFD9000045C00000FD78000018
:10B1D0001D7800004BC00000792600000030000000
:10B1E00046C0000086D800009FB80000E6100000AE
:10B1F000808000004DC000000396000048C00000A1
:10B200000496000044C000006E0900006FFD0000BD
:10B210000C70000000120000833000002C70000051
:10B22000FFD800004C7500002845000043C1000015
:10B2300042C1000041C10000520A00006FFD000041
:10B2400040C1000007C000002C7000004C730000DB
:10B250000F7F0000FFD8000018DB000043C500008E
:10B2600042C70000041C000041310000160C000021
:10B270006FFD0000001C0000C036000004C000008C
:10B280002C7000004C73000004200000800F0000B0
:10B2900000000000FFEF000040C00000FFD80000E9
:10B2A00018DB000043C5000042C70000F60B000099
:10B2B0006FFD0000041C0000013100002296000018
:10B2C000E1400000E2090000AFFD000018DA0000D4
:10B2D00008C000002C7000004C73000084B800000F
:10B2E00040C00000FFD8000018DB000043C500008C
:10B2F00042C70000D20B00006FFD0000041C0000DC
:10B30000C1300000BBF8000043C5000042C500008A
:10B3100041C50000E60900006FFD000040C50000C7
:10B320000C7000009E0900006FFD00002C710000F1
:10B3300042960000219600008A090000AFFD00003F
:10B340000096000000160000007100000890000048
:10B35000EC0100004CC00000C5B800000D08000062
:10B36000B50600000041000018E1000005F00000F3
:10B3700007090000950C000032D9000005C000004C
:10B3800006C20000AD70000000200000800F000029
:10B3900000800000860000004EC000000BC00000CE
:10B3A000586000004BC000000CC000006C20000082
:10B3B0004001000025780000001E0000047000001D
:10B3C00008900000EC01000007C100000AC0000066
:10B3D00004200000408000004AC000000C72000001
:10B3E00045C00000CA2000006200000045C0000007
:10B3F0000DC000000B79000005C00000CA2000004D
:10B400002201000045C000000C700000A4F0000004
:10B4100004C000000AC10000C34300000E900000F9
:10B42000481E00002F23000002100000026B0000E5
:10B4300034700000C342000000000000FFFF000065
:10B440008A240000C71F0000C34100000E900000C6
:10B45000CA0000000BF2000040B3000040B0000042
:10B4600004C300001B0B00001F00000041B00000DF
:10B4700042B000004C70000009F0000040B3000032
:10B4800040B00000A1B00000A2B0000080B10000F8
:10B4900015F00000A1B00000A2B0000080B10000D3
:10B4A0002C7000000EF000003B7B0000C340000049
:10B4B0000E9000004C000000052300000C0000006E
:10B4C000047200006578000040B4000040B0000045
:10B4D00056210000010800008C210000CF8F0000E1
:10B4E000F2F700001A2300008B1F0000000000008C
:10B4F00000200000C3410000029000006C01000029
:10B500004A26000000300000001E00008477000082
:10B51000039000006CE100000523000040100000D3
:10B52000001800004500000007C200000DC0000028
:10B530000B7A000009F2000000230000801F0000C9
:10B540000000000000200000257800000018000026
:10B550004500000004C100000EC000000D160000F0
:10B560009B10000028600000FFD9000048C00000C8
:10B57000BA0F00002FFD00000C7000000012000048
:10B5800083300000FFD800002C7000004C750000D4
:10B590000C1C000080370000081C000080370000F1
:10B5A000041C0000803700009A0800006FFD0000B6
:10B5B000001C00008037000008C000009A23000033
:10B5C000043000002C760000C6B8000048C000001F
:10B5D000052300001B30000006C0000014720000AC
:10B5E000CF230000E5310000E1400000FE0A00002A
:10B5F0006FFD000063420000001600008070000034
:10B60000008000000100000015080000BE010000DD
:10B610002F220000C806000007C000002C760000A2
:10B620001B780000E20A00006FFD00000F780000A8
:10B630000C70000043C0000042C0000041C0000088
:10B6400040C00000FFD8000080D900004C75000009
:10B65000460800006FFD00006C7400000C700000D4
:10B66000FE0F00002FFD00002C71000004C0000040
:10B6700005C100003860000044C0000004C10000A3
:10B680000BC0000010710000C4060000C5FF0000E0
:10B6900006C000000471000046C0000006C00000A3
:10B6A00014730000EC070000E5FF00000C700000C0
:10B6B000C34000000E900000481E00000218000069
:10B6C00015000000A0B00000A1B00000A2B0000072
:10B6D0008A200000C70F0000001E00000470000058
:10B6E0000E900000CA000000001E0000447300001D
:10B6F000039000006CE100000496000006160000B4
:10B700001B110000FFD9000044C00000EE0E000035
:10B710002FFD00000C7000000012000083300000BC
:10B72000FFD800002C7000004C75000043C50000DD
:10B7300042C5000041C50000D20F00002FFD0000EF
:10B7400040C500005023000002310000E14000002D
:10B750002C7300004A0A00006FFD000058430000EF
:10B760000016000080700000008000000100000052
:10B7700013080000BE0100002C73000007C0000089
:10B78000634200001B7800002E0A00006FFD0000DD
:10B790000F780000AD70000028F8000043C50000DD
:10B7A00042C5000041C500009A0F00002FFD0000B7
:10B7B00040C500000C700000520F00002FFD00007B
:10B7C0002C7100000CC00000FFD90000001E00001A
:10B7D0000470000008900000EC010000860E0000DC
:10B7E0002FFD00000C7000000012000083300000EC
:10B7F000FFD800002C7000004C75000043C500000D
:10B8000042C5000041C500006A0F00002FFD000086
:10B8100040C5000009C000002C7000004C730000FF
:10B8200040C00000FFD8000018DB000043C5000046
:10B8300042C70000320900006FFD0000041C000038
:10B840004131000004C000002C7000004C73000067
:10B8500040C00000FFD8000018DB000043C5000016
:10B8600042C700001A0900006FFD0000041C000020
:10B870000131000022960000E1400000BA0E0000F5
:10B880006FFD000018DA00000AF8000043C5000050
:10B8900042C5000041C50000220F00002FFD00003E
:10B8A00040C500000C700000DA0E00002FFD000003
:10B8B0002C71000042960000219600008A0E0000C4
:10B8C0006FFD000000960000AFC0000004140000EF
:10B8D0001B340000C6C60000FFD8000080D900005D
:10B8E0004C7500006C740000E07E0000E078000001
:10B8F000E6C20000FC1C0000C8B60000A1C10000A8
:10B90000001600009B700000008000001000000086
:10B910004846000028470000084500000C70000061
:10B920001DF0000000C00000330B00002E300000AE
:10B930002C71000000C000000A260000403000000A
:10B94000C4B8000007E8000061B80000010800006A
:10B95000310000002F2600008037000000C00000EA
:10B960000F790000060B00006FFF0000A1400000EF
:10B970002F20000087070000A1410000E1420000E5
:10B98000CE0A0000EFFF0000C143000000C000002D
:10B990000471000040C0000000C00000C7080000A3
:10B9A0001481000087740000041400001B340000A0
:10B9B000C6C60000E0780000E2C200000A260000CF
:10B9C0004030000008430000AD70000024F000008B
:10B9D0005A2500008211000061720000018A0000F7
:10B9E000608A0000228A00009A2000000400000003
:10B9F000057B0000038A00009A200000040000007C
:10BA0000257800001A200000800F000001000000CF
:10BA10000000000005200000C1000000058A0000B1
:10BA2000648A0000347700009A20000004000000BF
:10BA30006578000007F200003B7900009CB9000027
:10BA40009FB9000000B1000003F00000820C00006C
:10BA50000FFE0000A5710000452E0000803100009F
:10BA6000B90D000004900000C2C60000E07800009C
:10BA7000E6C20000FC1C0000C8B60000A1C1000026
:10BA800018470000C3400000008000004804000088
:10BA9000C38800003843000040C3000004EA0000EF
:10BAA000DB79000004F000005F2600004112000076
:10BAB000041000009E0000005470000008DD00002B
:10BAC000CA2500006210000039F00000E1400000CB
:10BAD0009A2000000400000000C30000F5230000CD
:10BAE0004230000013EB00005C7C00009C7C0000F6
:10BAF0009C7C00009C7C00004A220000C0160000D4
:10BB0000442A000003080000422200004A100000FE
:10BB1000FD0A0000319000009D7C00009A62000048
:10BB2000C4BA0000944A00000DF000008A2400000E
:10BB3000CF1F0000447C000004220000830F00009F
:10BB40000000000000FC00000ADA000061BA0000FA
:10BB5000FF0A0000318000007D7B00001A260000F3
:10BB6000821F000000000000001000009A23000067
:10BB700001000000E57100002471000005220000B2
:10BB8000C2070000457800001B78000091B8000053
:10BB90009CB80000857B00009FB8000060B00000EA
:10BBA000970D0000C5930000C5710000FD0E000058
:10BBB000A5B30000ED7000008774000004140000BD
:10BBC0001B340000C6C60000E6C00000C3430000EE
:10BBD0000080000048040000A38B0000848B00005C
:10BBE0001F2500008F1000001AF000001A25000029
:10BBF0009E1F000000000000001000009A230000BB
:10BC000004000000F42100008E030000052600005F
:10BC10001E30000005230000830700007B7B00002E
:10BC200091BB00009CBB00009FBB0000C0B30000A4
:10BC3000E5710000657100002F230000C7020000BD
:10BC4000D70B0000A4800000F07E0000A57100006A
:10BC5000F50C0000659300006D700000C6C4000084
:10BC6000E6C20000FC1C0000C8B6000094240000DE
:10BC7000A53F00002C700000120F00006FFD0000B7
:10BC800058C000004AC0000000160000807000008C
:10BC9000008000000400000055C0000000160000F5
:10BCA00000710000049000004A00000057C000002E
:10BCB000220D00006FFD00000C71000018C0000094
:10BCC000920D00006FFD00002C710000001E0000AE
:10BCD000057200000F90000022E0000018C0000074
:10BCE000AD710000B9430000C4B8000006E80000D0
:10BCF00061B800000108000031000000BB7D0000B9
:10BD0000B60F0000000000000E090000EFFD00006B
:10BD1000AF7800002C700000C340000004900000C9
:10BD20004A0000001E180000448000008A20000025
:10BD300008080000001E00000470000003900000CE
:10BD400004E00000C34000000F90000022E000006B
:10BD50009E180000C4060000C340000004900000CC
:10BD60004A0000000D1800005C80000011F0000087
:10BD7000416900009A2100000800000063430000B0
:10BD800005E8000061B80000FF08000031800000F5
:10BD90007B7B000005210000800F00000390000065
:10BDA000C4E0000060B0000040410000E509000070
:10BDB0003482000044210000C0070000CB4700008F
:10BDC00000000000AAAA00000FD80000E141000016
:10BDD000E1420000E14300001E0E0000AFFD000044
:10BDE00040C700000FD800000E0E00006FFD0000DD
:10BDF0000FD900000C710000CA0A00002FFF0000DC
:10BE0000FFD90000CB4500000390000074E1000062
:10BE10000C70000000B500008A200000C70F000071
:10BE200001B5000030D800002C710000581D000042
:10BE30009C9F000000000000FFFF00005E1D00004E
:10BE4000DC9600000E0C00002FFD0000571D0000C6
:10BE5000DC9600000FD800002C700000C3430000E7
:10BE600000000000FFFF0000001C0000803F0000F9
:10BE700000000000FFFF0000CE0D0000AFFD00003D
:10BE80004C7000000C740000EA0B00002FFD000055
:10BE90002C7100000FD80000E1410000E1420000D9
:10BEA000E1430000BA0D0000AFFD000040C70000F4
:10BEB0000C70000000B5000001B500008A200000F1
:10BEC00044080000581D00001D9400005E1D000085
:10BED000DC960000571D00001C9000000C73000051
:10BEE000560A00002FFF0000FFD9000030D80000E4
:10BEF000B60B00002FFD00002C71000015C00000E3
:10BF00001A200000800F0000100000000000000058
:10BF10004BC00000C3400000008000004804000047
:10BF200024880000C3400000008000004804000096
:10BF30004388000025F000000C700000162000006F
:10BF4000830000001DF000009A200000080000009F
:10BF50001A2200008C0F00000000000000200000EA
:10BF60008578000005200000800F0000029000008E
:10BF700064000000009000001D7C00009D7C00001B
:10BF80009D7C00009D7C00009D7C0000C4B80000EA
:10BF9000057C000000240000803F0000000000003D
:10BFA000640C00007478000080B000006471000030
:10BFB000C1400000CD08000034820000C1680000CC
:10BFC00044710000BD090000A58000008A20000027
:10BFD000C70F000000B500000C70000001B50000A4
:10BFE000CD7100008A210000D0070000C34000008E
:10BFF000049000004A000000581D00009C9F0000B3
:10C0000000000000FFFF00005E1D00009C93000088
:10C01000571D00009C9300000D1800005C8000007C
:10C0200030D800001E0B00002FFD00002C71000016
:10C030000FD800002C700000C34300000000000077
:10C04000FFFF0000001C0000803F00000000000017
:10C05000FFFF0000E20C0000AFFD00004C7000008C
:10C060000C740000FE0A00002FFD00002C7100007F
:10C070000FD80000E1410000E1420000E143000070
:10C08000CA0C0000AFFD000040C700000C700000AB
:10C0900000B5000001B500000C7100007A09000035
:10C0A0002FFF0000FFD900008A2000004408000094
:10C0B000581D00001D9400005E1D00009C930000B0
:10C0C000571D00001C90000030D80000CA0A000074
:10C0D0002FFD00002C710000C34000000080000014
:10C0E00048040000048800005AC00000C34000005B
:10C0F00000800000480400002388000076F0000063
:10C100006D700000162300005B1000006FF000004F
:10C110001A210000800F0000000000000010000045
:10C120000BC20000CB4400000290000000000000A1
:10C13000057A000055C200000AC200005522000026
:10C14000030D000015C20000457B00004C73000089
:10C150003C220000C20200009A22000004000000FD
:10C16000657A00005B7A0000857A0000609200002A
:10C17000614200009A22000004000000C4BB0000DD
:10C18000457800001B7E000054240000801C000045
:10C19000C5780000009000001D7E0000DD7E0000DC
:10C1A000DD7E0000DD7E0000DD7E0000C4B8000002
:10C1B000057E000000240000803F00000000000019
:10C1C000640C0000F5200000C0060000107600009E
:10C1D000D420000029080000D86000000E7800007C
:10C1E00010E300002F260000013000000A260000A6
:10C1F00080170000CE780000542000001E080000C8
:10C200007748000002260000C03000002F27000001
:10C21000C933000011780000EB080000C28700005D
:10C220008A2000003F00000077480000CE78000020
:10C230001F670000764800002F260000C933000069
:10C24000D17F0000002000008E0F000000000000E1
:10C25000C0FF0000E90E0000C2B30000482000004B
:10C26000000000001B7E0000842600000710000074
:10C27000C4B80000057E00000AC000005520000080
:10C28000030C000015C0000065780000057A00006E
:10C290005B7A0000457C0000130B0000F1110000E8
:10C2A000C0B400001B78000005200000800F0000D3
:10C2B0000290000000100000C0B000006571000096
:10C2C00067710000290B0000149200002471000027
:10C2D0001AC000001908000065800000FFD80000A7
:10C2E000581D00001C9000000C710000FFD90000D8
:10C2F000084600005E1D00001C9000004A08000077
:10C300002FFF0000571D00001C9000000A090000CC
:10C310004FFE0000AD700000C34000000F90000011
:10C3200022E00000001E00004473000003900000A3
:10C3300004E000009E18000084030000C3400000D9
:10C34000049000004A000000001E0000447300003A
:10C3500003900000C4FE00001E180000448300008B
:10C360000FD80000520B00006FFD00000FD9000035
:10C370008A200000900000000041000040C0000042
:10C380000FD800004C700000460B0000AFFD00000D
:10C390002043000048F00000620900002FFD00006B
:10C3A0002C710000C3400000008000004804000021
:10C3B000021000008B000000C3400000008000005D
:10C3C0004804000061880000CD70000031F00000DA
:10C3D0007D7F000044230000410000000A0B0000A4
:10C3E000EFFD0000EF78000028E80000204000008A
:10C3F0009A200000100000000AC4000017C20000CC
:10C400001A2700008F1F000000000000001000002D
:10C410001122000000830000CA200000210000005B
:10C42000E57800001B78000005200000800F000068
:10C430000290000066010000009000001E660000EF
:10C4400012E800000AC000009A2100000400000069
:10C4500055200000020D00000BC0000045780000D0
:10C46000E5780000057900003B78000091B80000F5
:10C470009CB800009FB800002090000055210000EB
:10C480000108000020B0000064710000A50B00004E
:10C49000E59000000FD80000B60A00006FFD000014
:10C4A0000FD900003E0800004FFE0000A5710000FB
:10C4B000750D0000349200000C700000C3410000B4
:10C4C0006001000000000000720E0000EFFC0000A0
:10C4D00078260000001000000016000080700000A8
:10C4E000008000001F000000E7B80000A00300006B
:10C4F0002100000059C0000000240000803F00001F
:10C5000000000000000200002C700000B60A0000CD
:10C510002FFE000028DA000000240000803F000009
:10C52000000000004C010000A60A00002FFE0000E1
:10C53000B4DA00000AC000004C7200005520000070
:10C54000010D00000BC00000257800000024000051
:10C55000813F0000000000000002000016090000FA
:10C56000EFFE000057C000000AC0000009DA00001A
:10C5700055200000010C00000BC0000025780000D1
:10C5800000240000813F0000000000004C0100007A
:10C59000FA080000EFFE00004BC0000019C00000C8
:10C5A000842000000180000059C000000C720000CF
:10C5B0005BC00000CA200000610000005BC00000FA
:10C5C00005030000200000000C70000000240000A3
:10C5D000803F0000000000003C020000C342000059
:10C5E00000000000280A0000460A00002FFE00009C
:10C5F0002C70000000240000803F000000000000BC
:10C6000028020000FFD90000360A00002FFE0000BB
:10C6100014DA000000240000803F00000000000049
:10C620002401000000240000813F00000000000001
:10C63000000200000E0A00002FFE000028DA0000B1
:10C640009CC0000000240000813F000000000000AA
:10C650004C010000FE0900002FFE0000B4DA0000CB
:10C6600000240000803F00000000000024010000C2
:10C670009CC100006A0B00002FFD00008A22000010
:10C680003F080000AD7000005BF0000017C0000024
:10C6900000240000813F0000000000002401000091
:10C6A000960A0000EFFF00004C7200000BC0000073
:10C6B0009CC100008E0A0000EFFF000009DA0000B4
:10C6C0002E0F00000FFE00000FD800009E09000092
:10C6D0006FFD00000FD900000C700000C20F0000B9
:10C6E000EFFC00002C710000C3400000008000003F
:10C6F0004804000022880000C340000000800000C1
:10C70000480400004188000030F000001A220000B8
:10C71000800F0000000000000008000082DC000024
:10C720004C7C000004200000830F0000000000008B
:10C73000000800001A220000800F00000000000026
:10C740000010000004200000800F0000FD6F0000BA
:10C7500000E000006578000005200000800F000068
:10C7600002900000660100006090000000240000BC
:10C77000803F0000000000003C02000098600000C4
:10C78000B4780000230D00007418000060B00000B1
:10C790000DEB000000240000803F000000000000BE
:10C7A000280200005B60000000130000C0000000D1
:10C7B0000B08000033000000422500004018000074
:10C7C00000AB000044710000A30900008580000058
:10C7D00000240000803F0000000000002401000051
:10C7E0009CC10000B20A00002FFD00004C71000047
:10C7F000A5710000C1E500004A070000E5FF000048
:10C800000C740000C3410000610100000000000042
:10C810000A0A00004FFD0000C34000000080000035
:10C8200048040000A188000040F000008CC0000017
:10C830002C700000220900002FFE000024DA000006
:10C840004C7000001FF000006C7000001AF0000037
:10C85000A14000009A200000820000000024000097
:10C86000813F0000000000003C0200001961000050
:10C870007D7800001D78000058600000F421000061
:10C88000000000000BE800005D7900008CC0000093
:10C8900019610000808100004E23000000070000A5
:10C8A0000F2400000010000000A1000064740000CC
:10C8B000D10B00001488000008E20000C1E2000073
:10C8C000A2F70000301400000B3000000DC3000080
:10C8D00011C2000012C1000013C000000EC700000A
:10C8E0000FC6000010C4000046C0000045C1000093
:10C8F00044C2000040C300000C740000C3410000AB
:10C900006201000009000000A14200006143000034
:10C9100043C4000042C60000860900006FFD00000D
:10C9200041C70000A5710000C34000000080000066
:10C9300048040000028800007B08000065830000B6
:10C940000C740000C34100006301000000000000FF
:10C950006A0900004FFD000016C0000014700000BE
:10C9600098F4000019C000001470000096F2000056
:10C9700008D80000C341000064010000010000006D
:10C98000520900006FFD000008DA0000C3400000FB
:10C99000008000004804000042880000C3400000FE
:10C9A000008000004804000001880000CD700000F5
:10C9B000AD7000000EF0000000240000813F000078
:10C9C00000000000280200003321000001000000E8
:10C9D00089E10000C02600004A100000C0250000C8
:10C9E0006A10000004710000E90A000005800000E0
:10C9F0007925000000100000C3410000650100001F
:10CA000001000000D60B0000EFFC000008DA000077
:10CA1000052E00004E130000C340000000800000FF
:10CA200048040000A18800005AC6000060F0000021
:10CA300000240000803F00000000000028020000E9
:10CA40003320000040030000AF0800005502000042
:10CA50001AC1000000240000833F00000000000015
:10CA600000020000B47B0000174900000E0900001E
:10CA70006FFD00000093000018430000E278000002
:10CA80000E780000482000000E000000DB78000057
:10CA900004200000810F000000000000C0FF000023
:10CAA00053260000001100002578000000B30000AC
:10CAB000F07B000008D80000C341000066010000C0
:10CAC00002000000B20800006FFD0000A14200005B
:10CAD000442B00001B380000BD79000044250000F5
:10CAE00040900000162100004B000000C023000011
:10CAF0002211000082B800004A2600000030000029
:10CB0000541C0000C03600004AC0000024F00000A1
:10CB100015C0000000240000833F0000000000005A
:10CB20004C01000004260000811F000000000000EE
:10CB3000E07F00005E2000000008000014230000D9
:10CB4000C3020000E2780000022000005B00000049
:10CB50009A0800006FFD0000009300006370000061
:10CB60000E78000048200000000000001B79000043
:10CB700004210000810F000000000000C0FF000041
:10CB8000C4B800002578000000B300004026000073
:10CB90005E300000657100000AC00000BD0E00009C
:10CBA00004B00000A5710000C34000000080000038
:10CBB00048040000028800003D0800004583000092
:10CBC00016C000000471000056C0000016C100002D
:10CBD0001BC0000010710000FA040000E5FF000017
:10CBE0004C72000000240000813F000000000000A3
:10CBF00000020000EE0F0000AFFF000017C00000B1
:10CC00000BC0000000240000813F00000000000075
:10CC10004C010000DE0F0000AFFF000009DA000049
:10CC20007E0C00000FFE0000001E000005700000DA
:10CC30000390000004E0000018C00000D60D0000C2
:10CC40002FFD00002C700000560D00002FFD00008D
:10CC50000C700000942400009A30000004140000BE
:10CC60001B340000C6C60000F1C000008224000092
:10CC70000233000080C00000C341000000800000BB
:10CC80000C060000420A0000EFFC00008ADA0000F7
:10CC900080C00000960E0000AFFF00008AD900009F
:10CCA0000FD80000B20E00002FFD00000FD90000C9
:10CCB0008024000002330000D1C00000E07E0000AC
:10CCC000E6C20000FC1C0000C8B60000942400006E
:10CCD000AC3F000056C100002C700000E20E0000C6
:10CCE0002FFD000046C000001843000000160000A1
:10CCF000807000000080000004000000820D000031
:10CD00006FFD000058C000008C200000828E0000E3
:10CD1000AD710000FEDF000005F70000720D00009D
:10CD20004FFD0000542000008F0800000016000096
:10CD30000071000004900000AA00000057C000002D
:10CD40004427000040100000001E00004570000055
:10CD500005900000AAE000008A0F0000EFFF00002D
:10CD600047C0000000160000807000000080000036
:10CD7000F9030000442000009E80000008F200003B
:10CD80000C7000008FB80000001E0000047000004E
:10CD90000390000002E0000006C00000A946000069
:10CDA000AAD90000C4B8000005E8000061B800007E
:10CDB000FF08000031800000DB7E000007C000009B
:10CDC0001F67000040D8000048C70000001E000098
:10CDD000047000000390000026E000000016000030
:10CDE00000710000049000004A00000011200000C3
:10CDF000C086000098D80000CA2000004100000052
:10CE0000001E000004700000059000004CE00000CF
:10CE100006C00000C34100000890000000000000B0
:10CE20001B780000562000001B0E000005230000A8
:10CE300040300000A0900000E91100000007000051
:10CE40004F0E00003030000051C000008A2000006A
:10CE5000040000004A0B0000EFFC00002C710000F1
:10CE600000120000833000002C700000FFD800008A
:10CE70004C7500002847000043C1000042C100007B
:10CE800041C100002E0C0000EFFC000040C100007A
:10CE9000CF78000042C000000C7000008CB8000089
:10CEA00040C0000008C0000080D9000090B9000018
:10CEB0000F7B0000FFD800004C72000043C7000049
:10CEC0000E0C0000EFFC000041C700000C700000D9
:10CED000C60B0000EFFC00002C71000092C00000A7
:10CEE000C341000000800000CC060000B20D00002D
:10CEF000EFFD00000EDA000005230000803F000077
:10CF00000990000000E00000FFD900005BC00000B5
:10CF100020B0000006C100002A0800002FFF00001A
:10CF200092C00000C340000000800000CC0600005A
:10CF30000290000009DF000061BF0000010F000047
:10CF4000311000001D780000532000008080000098
:10CF50000BF200004D080000700000002C72000071
:10CF600045080000F00000002C7000003F080000A1
:10CF7000B10000002C7400001CF00000C340000051
:10CF800000800000CC060000259000000421000075
:10CF9000800F0000000000003FFE0000521C000057
:10CFA0000430000006C0000032200000800F0000A6
:10CFB000008000007E0000000B7E000023F40000D3
:10CFC0005F21000001010000C3400000008000005C
:10CFD000CC06000001900000842100001C0000002D
:10CFE00012F000002C760000C3400000008000001A
:10CFF000CC060000059000009A210000040000000B
:10D0000004200000800F0000000000003FFE000030
:10D01000521C000004300000C340000000800000EB
:10D02000CC0600000190000004200000800F0000EA
:10D0300000000000FFF80000257800004A1C0000F6
:10D0400004300000CB47000000000000000F00008B
:10D05000F278000049C00000CF78000092C10000C3
:10D060004C71000040DB00009A2500000410000015
:10D07000560F00006FFF000047C0000006C0000010
:10D0800092C100004E0B00006FFF00004C710000C9
:10D09000001600000071000008900000E001000090
:10D0A0005CC0000088B80000001E00000470000092
:10D0B00009900000E0E10000001600008070000010
:10D0C00000800000F9030000930800007F000000CA
:10D0D0008A20000004000000060A0000EFFC0000A7
:10D0E000FFD9000000CA00002C7000004C75000041
:10D0F00054200000000A00000F7B0000FFD8000051
:10D100002846000043C1000042C1000041C10000A8
:10D11000E60A0000EFFC000040C100000AF9000030
:10D1200043C6000042C6000041C60000DA0A000003
:10D13000EFFC000040C600000C700000920A0000E6
:10D14000EFFC00002C7100000C7000008FB8000094
:10D15000001E0000047000000390000002E00000C8
:10D160008A20000004000000BE090000EFFC00005F
:10D17000FFD900000012000083300000FFD800003B
:10D180002C7000004C75000043C6000042C6000031
:10D1900041C60000A60A0000EFFC000040C60000E7
:10D1A00007C0000080D9000090B9000042C0000014
:10D1B0000C7000008CB8000040C0000008C00000E7
:10D1C0004C72000043C600000F7B0000FFD8000037
:10D1D000860A0000EFFC000041C600000C70000051
:10D1E0003E0A0000EFFC00002C71000009C10000A5
:10D1F00011C00000E47D000059C500002478000043
:10D20000EE0A00006FFD00005AC0000049C0000097
:10D210008A2000000400000066090000EFFC000006
:10D220002C71000000120000833000002C70000000
:10D23000FFD800004C7500002845000043C10000E5
:10D2400042C1000041C100004A0A0000EFFC00009A
:10D2500040C10000AE0C0000EFFC0000FFD8000051
:10D2600007C000000CDF000090BF0000CD7300007D
:10D2700042C00000FFD80000E14100004C710000F6
:10D2800043C6000041C50000001C0000803F0000B4
:10D290000000000000100000220A0000EFFC000067
:10D2A0006C74000007C0000042270000011300005A
:10D2B0004C72000042C00000FFD800006C740000F7
:10D2C00043C5000041C50000001C0000803F000075
:10D2D0000000000000100000020A0000EFFC000047
:10D2E0003843000007C00000E14100004C7100001D
:10D2F00042C00000FFD8000043C6000041C5000046
:10D30000001C0000803F0000000000000010000032
:10D31000E6090000EFFC00006C74000008C000008B
:10D320002C7000004C7500000F78000048C0000011
:10D3300008C30000FFD8000043C5000042C500003C
:10D3400041C50000CE090000EFFC000040C5000010
:10D3500043C5000042C5000041C50000001C00009C
:10D36000803F0000000000000010000009C0000025
:10D370004C710000442000004100000038600000B3
:10D380001EE000000F7B0000FFD80000AA0900008B
:10D39000EFFC00002C7400002F210000C2060000EA
:10D3A000FFD800004C7500006C72000043C60000FE
:10D3B00042C5000041C5000092090000EFFC0000DA
:10D3C00040C50000FFD800002C7000004C75000024
:10D3D00010DB000043C5000042C5000041C500004D
:10D3E0007E090000EFFC000040C50000AE0B00000D
:10D3F000EFFC0000FFD80000AEF8000043C50000BD
:10D4000042C5000041C500006A090000EFFC0000B1
:10D4100040C50000C3400000000000001062000092
:10D42000CB4600000390000004E0000000B60000BE
:10D430000C73000016090000EFFC00002C710000C6
:10D440008A2000000804000000B60000001600005A
:10D450008070000000800000010000000D08000046
:10D46000BF0000008A2000000606000003F0000054
:10D4700033D80000F6080000EFFC00002C7100001B
:10D4800018C000001AC100001A200000800F000020
:10D49000100000000000000051C0000019C0000092
:10D4A0002578000049C0000000160000C070000090
:10D4B000008000001F0000001470000070010000D8
:10D4C0002A0000002C70000000240000803F0000B3
:10D4D00000000000DC010000CE0A0000EFFD0000AB
:10D4E0008A2200001E0A0000562400004039000075
:10D4F000C20A0000EFFD0000B4DA0000562400006C
:10D50000403900002C7100008E090000AFFE0000C1
:10D510004C7000009DC000005624000041390000FE
:10D52000960A0000EFFD0000B4DA00009DC0000084
:10D53000D60B0000EFFC00008A2100003F0A00002B
:10D540008A210000C70F0000C340000003900000C4
:10D5500074E10000AD700000CB47000000800000C7
:10D560004804000020B0000021B0000039F00000A5
:10D570000A0A0000200000009DC00000D20F000039
:10D58000CFFD00000FD800003E0A00002FFD000074
:10D590000FD900000C70000062080000EFFC0000D2
:10D5A0002C710000228F0000418F000022F000004B
:10D5B0001A220000800F0000000000000008000098
:10D5C00062DC00004C7C000004200000830F00009F
:10D5D00000000000000800001A220000800F000078
:10D5E0000000000000100000447100000420000052
:10D5F000800F0000FD6F000000E000006578000073
:10D6000005200000800F000002900000660100006D
:10D610006090000000240000803F00000000000037
:10D62000DC01000098600000B478000060B00000E9
:10D63000C1090000A58000009DC00000520B000041
:10D64000EFFC00002C710000A5710000950D00009A
:10D65000749C00000C740000C341000049010000EC
:10D6600000000000E20A00000FFD0000A18F000092
:10D670003BF000008AC000002C700000FE09000092
:10D68000EFFD00001CDA00001EF000004C700000EE
:10D6900019F00000A14000009A200000810800005D
:10D6A00000240000833F000000000000DC010000B7
:10D6B0001B6300005D7800001D78000038600000EA
:10D6C000F4230000000000008AE800003D7B000019
:10D6D0008AC000001B630000808300004E2200000F
:10D6E000000700000F2400000010000000A300004D
:10D6F00044740000D30A00001488000008E1000010
:10D70000C7090000548C0000281400000B300000F2
:10D710000BC300000DC200000EC100000FC00000CE
:10D720000CC4000043C1000044C0000042C200001D
:10D7300040C300000C740000C34100004A01000017
:10D7400007000000A1420000614300006E0A0000D3
:10D750002FFD000041C40000A5710000028F0000F1
:10D760008B080000658300000C740000C3410000BA
:10D770004B01000000000000560A00000FFD0000F1
:10D78000020900002000000056240000403900007B
:10D79000C60E0000CFFD000009C000004C70000064
:10D7A000001E00000470000009900000D2E100009B
:10D7B00006C0000032200000810F00000080000041
:10D7C0007E0000001BC0000020B0000092C10000DD
:10D7D000A60F00002FFF000006C00000C34000009D
:10D7E00000800000CC0600002C71000086080000BC
:10D7F000AFFF000040DA000017C00000AD7000006D
:10D800002C710000001E0000047000000590000054
:10D81000AAE00000001E0000447300000390000016
:10D8200002E00000001E00004473000003900000AE
:10D8300026E000005A0E0000AFFC00008A20000025
:10D84000040000000012000083300000FFD8000038
:10D850002C7000004C75000043C5000042C500005C
:10D8600041C500003E0F0000AFFC000040C50000B5
:10D8700007C0000043C5000041C5000042C00000D1
:10D88000001C0000803F00000000000000100000AD
:10D8900008C300002C700000FFD8000090B9000001
:10D8A0001E0F0000AFFC00004C72000018F80000D2
:10D8B00043C5000042C5000041C50000120F000032
:10D8C000AFFC000040C500000C700000CA0E000054
:10D8D000AFFC00002C7100001CC000002C70000088
:10D8E0004C700000001E0000047000000990000051
:10D8F000E0E10000A0B60000960F00006FFE0000FF
:10D9000016C0000006C00000CA0800002FFD00007D
:10D910002C70000011C1000055200000000D000017
:10D920004C7100002578000016C10000A608000018
:10D93000AFFF00006C700000F20C0000AFFE0000B2
:10D9400006C00000EE0D0000CFFD00004A080000F8
:10D950008FFE0000942400009330000004140000A7
:10D960001B340000C6C60000FFD8000080D90000AC
:10D970004C7500006C740000E07E0000E078000050
:10D98000E6C00000C3410000008000004804000021
:10D9900063890000448900007B7C000028F00000BF
:10D9A000F52000000F03000085710000FC790000E5
:10D9B0003C7900003C7900003C79000028450000DB
:10D9C0001BD9000061B90000FF0900003180000090
:10D9D000BD7D0000B9670000C4B90000B549000072
:10D9E000442F000001180000E46E00009A26000099
:10D9F000081000009A21000010000000257D0000A2
:10DA00001A230000810F0000000000000020000029
:10DA1000C579000005210000810F00000290000080
:10DA200064000000A0B10000E9460000BD0E000047
:10DA30005491000064710000FB0A0000E5800000C2
:08DA4000CD700000C6C4000017
:02000004FFFCFF
:10004000500F11EEF00880E3500F01EE0100A0E325
:10005000950F07EE4004A0E3100AE8EE8007A0E346
:08006000100AE1EE1EFF2FE182
:0400000500000000F7
:00000001FF
